--------------------------------------------------------
-- Archivo creado  - martes-junio-07-2022   
--------------------------------------------------------
--------------------------------------------------------
--  DDL for Table APP_CONTACTO
--------------------------------------------------------

  CREATE TABLE "ADMIN"."APP_CONTACTO" 
   (	"ID" NUMBER(19,0) GENERATED BY DEFAULT ON NULL AS IDENTITY MINVALUE 1 MAXVALUE 9999999999999999999999999999 INCREMENT BY 1 START WITH 1 CACHE 20 NOORDER  NOCYCLE  NOKEEP  NOSCALE , 
	"NOMBRE" NVARCHAR2(50), 
	"CORREO" NVARCHAR2(254), 
	"TIPO_CONSULTA" NUMBER(11,0), 
	"MENSAJE" NCLOB, 
	"AVISOS" NUMBER(1,0)
   ) SEGMENT CREATION IMMEDIATE 
  PCTFREE 10 PCTUSED 40 INITRANS 1 MAXTRANS 255 
 NOCOMPRESS LOGGING
  STORAGE(INITIAL 65536 NEXT 1048576 MINEXTENTS 1 MAXEXTENTS 2147483645
  PCTINCREASE 0 FREELISTS 1 FREELIST GROUPS 1
  BUFFER_POOL DEFAULT FLASH_CACHE DEFAULT CELL_FLASH_CACHE DEFAULT)
  TABLESPACE "USERS" 
 LOB ("MENSAJE") STORE AS SECUREFILE (
  TABLESPACE "USERS" ENABLE STORAGE IN ROW CHUNK 8192
  NOCACHE LOGGING  NOCOMPRESS  KEEP_DUPLICATES 
  STORAGE(INITIAL 106496 NEXT 1048576 MINEXTENTS 1 MAXEXTENTS 2147483645
  PCTINCREASE 0
  BUFFER_POOL DEFAULT FLASH_CACHE DEFAULT CELL_FLASH_CACHE DEFAULT)) ;
--------------------------------------------------------
--  DDL for Table APP_PELICULA
--------------------------------------------------------

  CREATE TABLE "ADMIN"."APP_PELICULA" 
   (	"ID" NUMBER(19,0) GENERATED BY DEFAULT ON NULL AS IDENTITY MINVALUE 1 MAXVALUE 9999999999999999999999999999 INCREMENT BY 1 START WITH 1 CACHE 20 NOORDER  NOCYCLE  NOKEEP  NOSCALE , 
	"NOMBRE" NVARCHAR2(15)
   ) SEGMENT CREATION IMMEDIATE 
  PCTFREE 10 PCTUSED 40 INITRANS 1 MAXTRANS 255 
 NOCOMPRESS LOGGING
  STORAGE(INITIAL 65536 NEXT 1048576 MINEXTENTS 1 MAXEXTENTS 2147483645
  PCTINCREASE 0 FREELISTS 1 FREELIST GROUPS 1
  BUFFER_POOL DEFAULT FLASH_CACHE DEFAULT CELL_FLASH_CACHE DEFAULT)
  TABLESPACE "USERS" ;
--------------------------------------------------------
--  DDL for Table APP_PELICULAPRODUCTO
--------------------------------------------------------

  CREATE TABLE "ADMIN"."APP_PELICULAPRODUCTO" 
   (	"ID" NUMBER(19,0) GENERATED BY DEFAULT ON NULL AS IDENTITY MINVALUE 1 MAXVALUE 9999999999999999999999999999 INCREMENT BY 1 START WITH 1 CACHE 20 NOORDER  NOCYCLE  NOKEEP  NOSCALE , 
	"NOMBRE" NVARCHAR2(15), 
	"CODIGO" NUMBER(11,0), 
	"DESCRIPCION" NCLOB, 
	"IMAGEN" NVARCHAR2(100), 
	"GENERO_ID" NUMBER(19,0), 
	"URLPELICULA" NVARCHAR2(100)
   ) SEGMENT CREATION IMMEDIATE 
  PCTFREE 10 PCTUSED 40 INITRANS 1 MAXTRANS 255 
 NOCOMPRESS LOGGING
  STORAGE(INITIAL 65536 NEXT 1048576 MINEXTENTS 1 MAXEXTENTS 2147483645
  PCTINCREASE 0 FREELISTS 1 FREELIST GROUPS 1
  BUFFER_POOL DEFAULT FLASH_CACHE DEFAULT CELL_FLASH_CACHE DEFAULT)
  TABLESPACE "USERS" 
 LOB ("DESCRIPCION") STORE AS SECUREFILE (
  TABLESPACE "USERS" ENABLE STORAGE IN ROW CHUNK 8192
  NOCACHE LOGGING  NOCOMPRESS  KEEP_DUPLICATES 
  STORAGE(INITIAL 106496 NEXT 1048576 MINEXTENTS 1 MAXEXTENTS 2147483645
  PCTINCREASE 0
  BUFFER_POOL DEFAULT FLASH_CACHE DEFAULT CELL_FLASH_CACHE DEFAULT)) ;
--------------------------------------------------------
--  DDL for Table AUTH_GROUP
--------------------------------------------------------

  CREATE TABLE "ADMIN"."AUTH_GROUP" 
   (	"ID" NUMBER(11,0) GENERATED BY DEFAULT ON NULL AS IDENTITY MINVALUE 1 MAXVALUE 9999999999999999999999999999 INCREMENT BY 1 START WITH 1 CACHE 20 NOORDER  NOCYCLE  NOKEEP  NOSCALE , 
	"NAME" NVARCHAR2(150)
   ) SEGMENT CREATION DEFERRED 
  PCTFREE 10 PCTUSED 40 INITRANS 1 MAXTRANS 255 
 NOCOMPRESS LOGGING
  TABLESPACE "USERS" ;
--------------------------------------------------------
--  DDL for Table AUTH_GROUP_PERMISSIONS
--------------------------------------------------------

  CREATE TABLE "ADMIN"."AUTH_GROUP_PERMISSIONS" 
   (	"ID" NUMBER(11,0) GENERATED BY DEFAULT ON NULL AS IDENTITY MINVALUE 1 MAXVALUE 9999999999999999999999999999 INCREMENT BY 1 START WITH 1 CACHE 20 NOORDER  NOCYCLE  NOKEEP  NOSCALE , 
	"GROUP_ID" NUMBER(11,0), 
	"PERMISSION_ID" NUMBER(11,0)
   ) SEGMENT CREATION DEFERRED 
  PCTFREE 10 PCTUSED 40 INITRANS 1 MAXTRANS 255 
 NOCOMPRESS LOGGING
  TABLESPACE "USERS" ;
--------------------------------------------------------
--  DDL for Table AUTH_PERMISSION
--------------------------------------------------------

  CREATE TABLE "ADMIN"."AUTH_PERMISSION" 
   (	"ID" NUMBER(11,0) GENERATED BY DEFAULT ON NULL AS IDENTITY MINVALUE 1 MAXVALUE 9999999999999999999999999999 INCREMENT BY 1 START WITH 1 CACHE 20 NOORDER  NOCYCLE  NOKEEP  NOSCALE , 
	"NAME" NVARCHAR2(255), 
	"CONTENT_TYPE_ID" NUMBER(11,0), 
	"CODENAME" NVARCHAR2(100)
   ) SEGMENT CREATION IMMEDIATE 
  PCTFREE 10 PCTUSED 40 INITRANS 1 MAXTRANS 255 
 NOCOMPRESS LOGGING
  STORAGE(INITIAL 65536 NEXT 1048576 MINEXTENTS 1 MAXEXTENTS 2147483645
  PCTINCREASE 0 FREELISTS 1 FREELIST GROUPS 1
  BUFFER_POOL DEFAULT FLASH_CACHE DEFAULT CELL_FLASH_CACHE DEFAULT)
  TABLESPACE "USERS" ;
--------------------------------------------------------
--  DDL for Table AUTH_USER
--------------------------------------------------------

  CREATE TABLE "ADMIN"."AUTH_USER" 
   (	"ID" NUMBER(11,0) GENERATED BY DEFAULT ON NULL AS IDENTITY MINVALUE 1 MAXVALUE 9999999999999999999999999999 INCREMENT BY 1 START WITH 1 CACHE 20 NOORDER  NOCYCLE  NOKEEP  NOSCALE , 
	"PASSWORD" NVARCHAR2(128), 
	"LAST_LOGIN" TIMESTAMP (6), 
	"IS_SUPERUSER" NUMBER(1,0), 
	"USERNAME" NVARCHAR2(150), 
	"FIRST_NAME" NVARCHAR2(150), 
	"LAST_NAME" NVARCHAR2(150), 
	"EMAIL" NVARCHAR2(254), 
	"IS_STAFF" NUMBER(1,0), 
	"IS_ACTIVE" NUMBER(1,0), 
	"DATE_JOINED" TIMESTAMP (6)
   ) SEGMENT CREATION IMMEDIATE 
  PCTFREE 10 PCTUSED 40 INITRANS 1 MAXTRANS 255 
 NOCOMPRESS LOGGING
  STORAGE(INITIAL 65536 NEXT 1048576 MINEXTENTS 1 MAXEXTENTS 2147483645
  PCTINCREASE 0 FREELISTS 1 FREELIST GROUPS 1
  BUFFER_POOL DEFAULT FLASH_CACHE DEFAULT CELL_FLASH_CACHE DEFAULT)
  TABLESPACE "USERS" ;
--------------------------------------------------------
--  DDL for Table AUTH_USER_GROUPS
--------------------------------------------------------

  CREATE TABLE "ADMIN"."AUTH_USER_GROUPS" 
   (	"ID" NUMBER(11,0) GENERATED BY DEFAULT ON NULL AS IDENTITY MINVALUE 1 MAXVALUE 9999999999999999999999999999 INCREMENT BY 1 START WITH 1 CACHE 20 NOORDER  NOCYCLE  NOKEEP  NOSCALE , 
	"USER_ID" NUMBER(11,0), 
	"GROUP_ID" NUMBER(11,0)
   ) SEGMENT CREATION DEFERRED 
  PCTFREE 10 PCTUSED 40 INITRANS 1 MAXTRANS 255 
 NOCOMPRESS LOGGING
  TABLESPACE "USERS" ;
--------------------------------------------------------
--  DDL for Table AUTH_USER_USER_PERMISSIONS
--------------------------------------------------------

  CREATE TABLE "ADMIN"."AUTH_USER_USER_PERMISSIONS" 
   (	"ID" NUMBER(11,0) GENERATED BY DEFAULT ON NULL AS IDENTITY MINVALUE 1 MAXVALUE 9999999999999999999999999999 INCREMENT BY 1 START WITH 1 CACHE 20 NOORDER  NOCYCLE  NOKEEP  NOSCALE , 
	"USER_ID" NUMBER(11,0), 
	"PERMISSION_ID" NUMBER(11,0)
   ) SEGMENT CREATION DEFERRED 
  PCTFREE 10 PCTUSED 40 INITRANS 1 MAXTRANS 255 
 NOCOMPRESS LOGGING
  TABLESPACE "USERS" ;
--------------------------------------------------------
--  DDL for Table DJANGO_ADMIN_LOG
--------------------------------------------------------

  CREATE TABLE "ADMIN"."DJANGO_ADMIN_LOG" 
   (	"ID" NUMBER(11,0) GENERATED BY DEFAULT ON NULL AS IDENTITY MINVALUE 1 MAXVALUE 9999999999999999999999999999 INCREMENT BY 1 START WITH 1 CACHE 20 NOORDER  NOCYCLE  NOKEEP  NOSCALE , 
	"ACTION_TIME" TIMESTAMP (6), 
	"OBJECT_ID" NCLOB, 
	"OBJECT_REPR" NVARCHAR2(200), 
	"ACTION_FLAG" NUMBER(11,0), 
	"CHANGE_MESSAGE" NCLOB, 
	"CONTENT_TYPE_ID" NUMBER(11,0), 
	"USER_ID" NUMBER(11,0)
   ) SEGMENT CREATION IMMEDIATE 
  PCTFREE 10 PCTUSED 40 INITRANS 1 MAXTRANS 255 
 NOCOMPRESS LOGGING
  STORAGE(INITIAL 65536 NEXT 1048576 MINEXTENTS 1 MAXEXTENTS 2147483645
  PCTINCREASE 0 FREELISTS 1 FREELIST GROUPS 1
  BUFFER_POOL DEFAULT FLASH_CACHE DEFAULT CELL_FLASH_CACHE DEFAULT)
  TABLESPACE "USERS" 
 LOB ("OBJECT_ID") STORE AS SECUREFILE (
  TABLESPACE "USERS" ENABLE STORAGE IN ROW CHUNK 8192
  NOCACHE LOGGING  NOCOMPRESS  KEEP_DUPLICATES 
  STORAGE(INITIAL 106496 NEXT 1048576 MINEXTENTS 1 MAXEXTENTS 2147483645
  PCTINCREASE 0
  BUFFER_POOL DEFAULT FLASH_CACHE DEFAULT CELL_FLASH_CACHE DEFAULT)) 
 LOB ("CHANGE_MESSAGE") STORE AS SECUREFILE (
  TABLESPACE "USERS" ENABLE STORAGE IN ROW CHUNK 8192
  NOCACHE LOGGING  NOCOMPRESS  KEEP_DUPLICATES 
  STORAGE(INITIAL 106496 NEXT 1048576 MINEXTENTS 1 MAXEXTENTS 2147483645
  PCTINCREASE 0
  BUFFER_POOL DEFAULT FLASH_CACHE DEFAULT CELL_FLASH_CACHE DEFAULT)) ;
--------------------------------------------------------
--  DDL for Table DJANGO_CONTENT_TYPE
--------------------------------------------------------

  CREATE TABLE "ADMIN"."DJANGO_CONTENT_TYPE" 
   (	"ID" NUMBER(11,0) GENERATED BY DEFAULT ON NULL AS IDENTITY MINVALUE 1 MAXVALUE 9999999999999999999999999999 INCREMENT BY 1 START WITH 1 CACHE 20 NOORDER  NOCYCLE  NOKEEP  NOSCALE , 
	"APP_LABEL" NVARCHAR2(100), 
	"MODEL" NVARCHAR2(100)
   ) SEGMENT CREATION IMMEDIATE 
  PCTFREE 10 PCTUSED 40 INITRANS 1 MAXTRANS 255 
 NOCOMPRESS LOGGING
  STORAGE(INITIAL 65536 NEXT 1048576 MINEXTENTS 1 MAXEXTENTS 2147483645
  PCTINCREASE 0 FREELISTS 1 FREELIST GROUPS 1
  BUFFER_POOL DEFAULT FLASH_CACHE DEFAULT CELL_FLASH_CACHE DEFAULT)
  TABLESPACE "USERS" ;
--------------------------------------------------------
--  DDL for Table DJANGO_MIGRATIONS
--------------------------------------------------------

  CREATE TABLE "ADMIN"."DJANGO_MIGRATIONS" 
   (	"ID" NUMBER(11,0) GENERATED BY DEFAULT ON NULL AS IDENTITY MINVALUE 1 MAXVALUE 9999999999999999999999999999 INCREMENT BY 1 START WITH 1 CACHE 20 NOORDER  NOCYCLE  NOKEEP  NOSCALE , 
	"APP" NVARCHAR2(255), 
	"NAME" NVARCHAR2(255), 
	"APPLIED" TIMESTAMP (6)
   ) SEGMENT CREATION IMMEDIATE 
  PCTFREE 10 PCTUSED 40 INITRANS 1 MAXTRANS 255 
 NOCOMPRESS LOGGING
  STORAGE(INITIAL 65536 NEXT 1048576 MINEXTENTS 1 MAXEXTENTS 2147483645
  PCTINCREASE 0 FREELISTS 1 FREELIST GROUPS 1
  BUFFER_POOL DEFAULT FLASH_CACHE DEFAULT CELL_FLASH_CACHE DEFAULT)
  TABLESPACE "USERS" ;
--------------------------------------------------------
--  DDL for Table DJANGO_SESSION
--------------------------------------------------------

  CREATE TABLE "ADMIN"."DJANGO_SESSION" 
   (	"SESSION_KEY" NVARCHAR2(40), 
	"SESSION_DATA" NCLOB, 
	"EXPIRE_DATE" TIMESTAMP (6)
   ) SEGMENT CREATION IMMEDIATE 
  PCTFREE 10 PCTUSED 40 INITRANS 1 MAXTRANS 255 
 NOCOMPRESS LOGGING
  STORAGE(INITIAL 65536 NEXT 1048576 MINEXTENTS 1 MAXEXTENTS 2147483645
  PCTINCREASE 0 FREELISTS 1 FREELIST GROUPS 1
  BUFFER_POOL DEFAULT FLASH_CACHE DEFAULT CELL_FLASH_CACHE DEFAULT)
  TABLESPACE "USERS" 
 LOB ("SESSION_DATA") STORE AS SECUREFILE (
  TABLESPACE "USERS" ENABLE STORAGE IN ROW CHUNK 8192
  NOCACHE LOGGING  NOCOMPRESS  KEEP_DUPLICATES 
  STORAGE(INITIAL 106496 NEXT 1048576 MINEXTENTS 1 MAXEXTENTS 2147483645
  PCTINCREASE 0
  BUFFER_POOL DEFAULT FLASH_CACHE DEFAULT CELL_FLASH_CACHE DEFAULT)) ;
REM INSERTING into ADMIN.APP_CONTACTO
SET DEFINE OFF;
REM INSERTING into ADMIN.APP_PELICULA
SET DEFINE OFF;
Insert into ADMIN.APP_PELICULA (ID,NOMBRE) values (1,'Aventura');
Insert into ADMIN.APP_PELICULA (ID,NOMBRE) values (2,'Acción');
Insert into ADMIN.APP_PELICULA (ID,NOMBRE) values (3,'Terror');
Insert into ADMIN.APP_PELICULA (ID,NOMBRE) values (4,'Ciencia Ficción');
Insert into ADMIN.APP_PELICULA (ID,NOMBRE) values (5,'Drama');
Insert into ADMIN.APP_PELICULA (ID,NOMBRE) values (6,'Infantil');
Insert into ADMIN.APP_PELICULA (ID,NOMBRE) values (7,'Fantasía');
REM INSERTING into ADMIN.APP_PELICULAPRODUCTO
SET DEFINE OFF;
Insert into ADMIN.APP_PELICULAPRODUCTO (ID,NOMBRE,CODIGO,IMAGEN,GENERO_ID,URLPELICULA) values (3,'Kenobi',3,'peliculas/kenobi.jpg',4,'https://www.youtube.com/watch?v=DPHtPfaEbUQ&t');
Insert into ADMIN.APP_PELICULAPRODUCTO (ID,NOMBRE,CODIGO,IMAGEN,GENERO_ID,URLPELICULA) values (4,'Batman',4,'peliculas/batman.webp',2,'https://www.youtube.com/watch?v=fWQrd6cwJ0A&t');
Insert into ADMIN.APP_PELICULAPRODUCTO (ID,NOMBRE,CODIGO,IMAGEN,GENERO_ID,URLPELICULA) values (1,'Jhon Wick',1,'peliculas/jhonwick.webp',2,'https://www.youtube.com/watch?v=C0BMx-qxsP4&t');
Insert into ADMIN.APP_PELICULAPRODUCTO (ID,NOMBRE,CODIGO,IMAGEN,GENERO_ID,URLPELICULA) values (2,'Toy Story',2,'peliculas/toy.jpg',5,'https://www.youtube.com/watch?v=YbrZc8YnagQ');
REM INSERTING into ADMIN.AUTH_GROUP
SET DEFINE OFF;
REM INSERTING into ADMIN.AUTH_GROUP_PERMISSIONS
SET DEFINE OFF;
REM INSERTING into ADMIN.AUTH_PERMISSION
SET DEFINE OFF;
Insert into ADMIN.AUTH_PERMISSION (ID,NAME,CONTENT_TYPE_ID,CODENAME) values (1,'Can add log entry',1,'add_logentry');
Insert into ADMIN.AUTH_PERMISSION (ID,NAME,CONTENT_TYPE_ID,CODENAME) values (2,'Can change log entry',1,'change_logentry');
Insert into ADMIN.AUTH_PERMISSION (ID,NAME,CONTENT_TYPE_ID,CODENAME) values (3,'Can delete log entry',1,'delete_logentry');
Insert into ADMIN.AUTH_PERMISSION (ID,NAME,CONTENT_TYPE_ID,CODENAME) values (4,'Can view log entry',1,'view_logentry');
Insert into ADMIN.AUTH_PERMISSION (ID,NAME,CONTENT_TYPE_ID,CODENAME) values (5,'Can add permission',2,'add_permission');
Insert into ADMIN.AUTH_PERMISSION (ID,NAME,CONTENT_TYPE_ID,CODENAME) values (6,'Can change permission',2,'change_permission');
Insert into ADMIN.AUTH_PERMISSION (ID,NAME,CONTENT_TYPE_ID,CODENAME) values (7,'Can delete permission',2,'delete_permission');
Insert into ADMIN.AUTH_PERMISSION (ID,NAME,CONTENT_TYPE_ID,CODENAME) values (8,'Can view permission',2,'view_permission');
Insert into ADMIN.AUTH_PERMISSION (ID,NAME,CONTENT_TYPE_ID,CODENAME) values (9,'Can add group',3,'add_group');
Insert into ADMIN.AUTH_PERMISSION (ID,NAME,CONTENT_TYPE_ID,CODENAME) values (10,'Can change group',3,'change_group');
Insert into ADMIN.AUTH_PERMISSION (ID,NAME,CONTENT_TYPE_ID,CODENAME) values (11,'Can delete group',3,'delete_group');
Insert into ADMIN.AUTH_PERMISSION (ID,NAME,CONTENT_TYPE_ID,CODENAME) values (12,'Can view group',3,'view_group');
Insert into ADMIN.AUTH_PERMISSION (ID,NAME,CONTENT_TYPE_ID,CODENAME) values (13,'Can add user',4,'add_user');
Insert into ADMIN.AUTH_PERMISSION (ID,NAME,CONTENT_TYPE_ID,CODENAME) values (14,'Can change user',4,'change_user');
Insert into ADMIN.AUTH_PERMISSION (ID,NAME,CONTENT_TYPE_ID,CODENAME) values (15,'Can delete user',4,'delete_user');
Insert into ADMIN.AUTH_PERMISSION (ID,NAME,CONTENT_TYPE_ID,CODENAME) values (16,'Can view user',4,'view_user');
Insert into ADMIN.AUTH_PERMISSION (ID,NAME,CONTENT_TYPE_ID,CODENAME) values (17,'Can add content type',5,'add_contenttype');
Insert into ADMIN.AUTH_PERMISSION (ID,NAME,CONTENT_TYPE_ID,CODENAME) values (18,'Can change content type',5,'change_contenttype');
Insert into ADMIN.AUTH_PERMISSION (ID,NAME,CONTENT_TYPE_ID,CODENAME) values (19,'Can delete content type',5,'delete_contenttype');
Insert into ADMIN.AUTH_PERMISSION (ID,NAME,CONTENT_TYPE_ID,CODENAME) values (20,'Can view content type',5,'view_contenttype');
Insert into ADMIN.AUTH_PERMISSION (ID,NAME,CONTENT_TYPE_ID,CODENAME) values (21,'Can add session',6,'add_session');
Insert into ADMIN.AUTH_PERMISSION (ID,NAME,CONTENT_TYPE_ID,CODENAME) values (22,'Can change session',6,'change_session');
Insert into ADMIN.AUTH_PERMISSION (ID,NAME,CONTENT_TYPE_ID,CODENAME) values (23,'Can delete session',6,'delete_session');
Insert into ADMIN.AUTH_PERMISSION (ID,NAME,CONTENT_TYPE_ID,CODENAME) values (24,'Can view session',6,'view_session');
Insert into ADMIN.AUTH_PERMISSION (ID,NAME,CONTENT_TYPE_ID,CODENAME) values (25,'Can add pelicula',7,'add_pelicula');
Insert into ADMIN.AUTH_PERMISSION (ID,NAME,CONTENT_TYPE_ID,CODENAME) values (26,'Can change pelicula',7,'change_pelicula');
Insert into ADMIN.AUTH_PERMISSION (ID,NAME,CONTENT_TYPE_ID,CODENAME) values (27,'Can delete pelicula',7,'delete_pelicula');
Insert into ADMIN.AUTH_PERMISSION (ID,NAME,CONTENT_TYPE_ID,CODENAME) values (28,'Can view pelicula',7,'view_pelicula');
Insert into ADMIN.AUTH_PERMISSION (ID,NAME,CONTENT_TYPE_ID,CODENAME) values (29,'Can add contacto',8,'add_contacto');
Insert into ADMIN.AUTH_PERMISSION (ID,NAME,CONTENT_TYPE_ID,CODENAME) values (30,'Can change contacto',8,'change_contacto');
Insert into ADMIN.AUTH_PERMISSION (ID,NAME,CONTENT_TYPE_ID,CODENAME) values (31,'Can delete contacto',8,'delete_contacto');
Insert into ADMIN.AUTH_PERMISSION (ID,NAME,CONTENT_TYPE_ID,CODENAME) values (32,'Can view contacto',8,'view_contacto');
Insert into ADMIN.AUTH_PERMISSION (ID,NAME,CONTENT_TYPE_ID,CODENAME) values (33,'Can add pelicula producto',9,'add_peliculaproducto');
Insert into ADMIN.AUTH_PERMISSION (ID,NAME,CONTENT_TYPE_ID,CODENAME) values (34,'Can change pelicula producto',9,'change_peliculaproducto');
Insert into ADMIN.AUTH_PERMISSION (ID,NAME,CONTENT_TYPE_ID,CODENAME) values (35,'Can delete pelicula producto',9,'delete_peliculaproducto');
Insert into ADMIN.AUTH_PERMISSION (ID,NAME,CONTENT_TYPE_ID,CODENAME) values (36,'Can view pelicula producto',9,'view_peliculaproducto');
REM INSERTING into ADMIN.AUTH_USER
SET DEFINE OFF;
Insert into ADMIN.AUTH_USER (ID,PASSWORD,LAST_LOGIN,IS_SUPERUSER,USERNAME,FIRST_NAME,LAST_NAME,EMAIL,IS_STAFF,IS_ACTIVE,DATE_JOINED) values (62,'pbkdf2_sha256$320000$av4LHV8m1eafJG3DzOVUfF$Vkay5cHFupf5jCdDcaSVLWHXbsrYy1hSi31qHnGeAhc=',to_timestamp('07/06/22 13:15:26.495788000','DD/MM/RR HH24:MI:SSXFF'),0,'elek','elek','asdasd','aaa@aa.cl',0,1,to_timestamp('07/06/22 13:15:26.058487000','DD/MM/RR HH24:MI:SSXFF'));
Insert into ADMIN.AUTH_USER (ID,PASSWORD,LAST_LOGIN,IS_SUPERUSER,USERNAME,FIRST_NAME,LAST_NAME,EMAIL,IS_STAFF,IS_ACTIVE,DATE_JOINED) values (61,'pbkdf2_sha256$320000$sYafHcGibIaGq73qO9lplF$c0qsSXz+Ga9r/F1KON9gAkC4cu4sKBr1tathHMn9Fik=',to_timestamp('07/06/22 12:51:24.139880000','DD/MM/RR HH24:MI:SSXFF'),0,'juanito','juan','castillo','jperez@hotmail.com',0,1,to_timestamp('07/06/22 12:51:23.691008000','DD/MM/RR HH24:MI:SSXFF'));
Insert into ADMIN.AUTH_USER (ID,PASSWORD,LAST_LOGIN,IS_SUPERUSER,USERNAME,FIRST_NAME,LAST_NAME,EMAIL,IS_STAFF,IS_ACTIVE,DATE_JOINED) values (1,'pbkdf2_sha256$320000$j7U093TMeUsVP1xP9PaGd8$ChD9GxcjBmtFpoBhqCRho1W0b67rtB/ZteKUTTsJ8hk=',to_timestamp('07/06/22 13:16:48.969037000','DD/MM/RR HH24:MI:SSXFF'),1,'admin','administrador','administrador','administrador@pelislandia.com',1,1,to_timestamp('03/06/22 03:36:57.000000000','DD/MM/RR HH24:MI:SSXFF'));
REM INSERTING into ADMIN.AUTH_USER_GROUPS
SET DEFINE OFF;
REM INSERTING into ADMIN.AUTH_USER_USER_PERMISSIONS
SET DEFINE OFF;
REM INSERTING into ADMIN.DJANGO_ADMIN_LOG
SET DEFINE OFF;
Insert into ADMIN.DJANGO_ADMIN_LOG (ID,ACTION_TIME,OBJECT_REPR,ACTION_FLAG,CONTENT_TYPE_ID,USER_ID) values (43,to_timestamp('06/06/22 20:59:41.217980000','DD/MM/RR HH24:MI:SSXFF'),'juanito',3,4,1);
Insert into ADMIN.DJANGO_ADMIN_LOG (ID,ACTION_TIME,OBJECT_REPR,ACTION_FLAG,CONTENT_TYPE_ID,USER_ID) values (44,to_timestamp('06/06/22 20:59:41.225829000','DD/MM/RR HH24:MI:SSXFF'),'juanitoc',3,4,1);
Insert into ADMIN.DJANGO_ADMIN_LOG (ID,ACTION_TIME,OBJECT_REPR,ACTION_FLAG,CONTENT_TYPE_ID,USER_ID) values (45,to_timestamp('06/06/22 22:29:06.268008000','DD/MM/RR HH24:MI:SSXFF'),'asd123',3,4,1);
Insert into ADMIN.DJANGO_ADMIN_LOG (ID,ACTION_TIME,OBJECT_REPR,ACTION_FLAG,CONTENT_TYPE_ID,USER_ID) values (46,to_timestamp('06/06/22 22:29:06.270925000','DD/MM/RR HH24:MI:SSXFF'),'juanito',3,4,1);
Insert into ADMIN.DJANGO_ADMIN_LOG (ID,ACTION_TIME,OBJECT_REPR,ACTION_FLAG,CONTENT_TYPE_ID,USER_ID) values (47,to_timestamp('06/06/22 22:52:59.709910000','DD/MM/RR HH24:MI:SSXFF'),'juanito',3,4,1);
Insert into ADMIN.DJANGO_ADMIN_LOG (ID,ACTION_TIME,OBJECT_REPR,ACTION_FLAG,CONTENT_TYPE_ID,USER_ID) values (48,to_timestamp('06/06/22 23:28:14.451824000','DD/MM/RR HH24:MI:SSXFF'),'admin',2,4,1);
Insert into ADMIN.DJANGO_ADMIN_LOG (ID,ACTION_TIME,OBJECT_REPR,ACTION_FLAG,CONTENT_TYPE_ID,USER_ID) values (49,to_timestamp('07/06/22 00:06:12.440498000','DD/MM/RR HH24:MI:SSXFF'),'juanito',3,4,1);
Insert into ADMIN.DJANGO_ADMIN_LOG (ID,ACTION_TIME,OBJECT_REPR,ACTION_FLAG,CONTENT_TYPE_ID,USER_ID) values (1,to_timestamp('03/06/22 03:39:14.844331000','DD/MM/RR HH24:MI:SSXFF'),'Aventura',1,7,1);
Insert into ADMIN.DJANGO_ADMIN_LOG (ID,ACTION_TIME,OBJECT_REPR,ACTION_FLAG,CONTENT_TYPE_ID,USER_ID) values (2,to_timestamp('03/06/22 03:39:18.284569000','DD/MM/RR HH24:MI:SSXFF'),'Acción',1,7,1);
Insert into ADMIN.DJANGO_ADMIN_LOG (ID,ACTION_TIME,OBJECT_REPR,ACTION_FLAG,CONTENT_TYPE_ID,USER_ID) values (3,to_timestamp('03/06/22 03:39:21.176534000','DD/MM/RR HH24:MI:SSXFF'),'Terror',1,7,1);
Insert into ADMIN.DJANGO_ADMIN_LOG (ID,ACTION_TIME,OBJECT_REPR,ACTION_FLAG,CONTENT_TYPE_ID,USER_ID) values (4,to_timestamp('03/06/22 03:39:24.146210000','DD/MM/RR HH24:MI:SSXFF'),'Ciencia Ficción',1,7,1);
Insert into ADMIN.DJANGO_ADMIN_LOG (ID,ACTION_TIME,OBJECT_REPR,ACTION_FLAG,CONTENT_TYPE_ID,USER_ID) values (5,to_timestamp('03/06/22 03:39:27.987149000','DD/MM/RR HH24:MI:SSXFF'),'Drama',1,7,1);
Insert into ADMIN.DJANGO_ADMIN_LOG (ID,ACTION_TIME,OBJECT_REPR,ACTION_FLAG,CONTENT_TYPE_ID,USER_ID) values (6,to_timestamp('03/06/22 03:39:31.776052000','DD/MM/RR HH24:MI:SSXFF'),'Infantil',1,7,1);
Insert into ADMIN.DJANGO_ADMIN_LOG (ID,ACTION_TIME,OBJECT_REPR,ACTION_FLAG,CONTENT_TYPE_ID,USER_ID) values (7,to_timestamp('03/06/22 03:39:46.865858000','DD/MM/RR HH24:MI:SSXFF'),'Fantasía',1,7,1);
Insert into ADMIN.DJANGO_ADMIN_LOG (ID,ACTION_TIME,OBJECT_REPR,ACTION_FLAG,CONTENT_TYPE_ID,USER_ID) values (21,to_timestamp('03/06/22 21:02:48.967051000','DD/MM/RR HH24:MI:SSXFF'),'juanito',3,4,1);
Insert into ADMIN.DJANGO_ADMIN_LOG (ID,ACTION_TIME,OBJECT_REPR,ACTION_FLAG,CONTENT_TYPE_ID,USER_ID) values (41,to_timestamp('06/06/22 20:52:16.749649000','DD/MM/RR HH24:MI:SSXFF'),null,3,4,1);
Insert into ADMIN.DJANGO_ADMIN_LOG (ID,ACTION_TIME,OBJECT_REPR,ACTION_FLAG,CONTENT_TYPE_ID,USER_ID) values (42,to_timestamp('06/06/22 20:52:16.756053000','DD/MM/RR HH24:MI:SSXFF'),null,3,4,1);
REM INSERTING into ADMIN.DJANGO_CONTENT_TYPE
SET DEFINE OFF;
Insert into ADMIN.DJANGO_CONTENT_TYPE (ID,APP_LABEL,MODEL) values (1,'admin','logentry');
Insert into ADMIN.DJANGO_CONTENT_TYPE (ID,APP_LABEL,MODEL) values (2,'auth','permission');
Insert into ADMIN.DJANGO_CONTENT_TYPE (ID,APP_LABEL,MODEL) values (3,'auth','group');
Insert into ADMIN.DJANGO_CONTENT_TYPE (ID,APP_LABEL,MODEL) values (4,'auth','user');
Insert into ADMIN.DJANGO_CONTENT_TYPE (ID,APP_LABEL,MODEL) values (5,'contenttypes','contenttype');
Insert into ADMIN.DJANGO_CONTENT_TYPE (ID,APP_LABEL,MODEL) values (6,'sessions','session');
Insert into ADMIN.DJANGO_CONTENT_TYPE (ID,APP_LABEL,MODEL) values (7,'app','pelicula');
Insert into ADMIN.DJANGO_CONTENT_TYPE (ID,APP_LABEL,MODEL) values (8,'app','contacto');
Insert into ADMIN.DJANGO_CONTENT_TYPE (ID,APP_LABEL,MODEL) values (9,'app','peliculaproducto');
REM INSERTING into ADMIN.DJANGO_MIGRATIONS
SET DEFINE OFF;
Insert into ADMIN.DJANGO_MIGRATIONS (ID,APP,NAME,APPLIED) values (1,'contenttypes','0001_initial',to_timestamp('03/06/22 03:35:19.702534000','DD/MM/RR HH24:MI:SSXFF'));
Insert into ADMIN.DJANGO_MIGRATIONS (ID,APP,NAME,APPLIED) values (2,'auth','0001_initial',to_timestamp('03/06/22 03:35:19.929380000','DD/MM/RR HH24:MI:SSXFF'));
Insert into ADMIN.DJANGO_MIGRATIONS (ID,APP,NAME,APPLIED) values (3,'admin','0001_initial',to_timestamp('03/06/22 03:35:20.009987000','DD/MM/RR HH24:MI:SSXFF'));
Insert into ADMIN.DJANGO_MIGRATIONS (ID,APP,NAME,APPLIED) values (4,'admin','0002_logentry_remove_auto_add',to_timestamp('03/06/22 03:35:20.029939000','DD/MM/RR HH24:MI:SSXFF'));
Insert into ADMIN.DJANGO_MIGRATIONS (ID,APP,NAME,APPLIED) values (5,'admin','0003_logentry_add_action_flag_choices',to_timestamp('03/06/22 03:35:20.048883000','DD/MM/RR HH24:MI:SSXFF'));
Insert into ADMIN.DJANGO_MIGRATIONS (ID,APP,NAME,APPLIED) values (6,'app','0001_initial',to_timestamp('03/06/22 03:35:20.109755000','DD/MM/RR HH24:MI:SSXFF'));
Insert into ADMIN.DJANGO_MIGRATIONS (ID,APP,NAME,APPLIED) values (7,'app','0002_auto_20220528_1831',to_timestamp('03/06/22 03:35:20.374872000','DD/MM/RR HH24:MI:SSXFF'));
Insert into ADMIN.DJANGO_MIGRATIONS (ID,APP,NAME,APPLIED) values (8,'app','0003_contacto',to_timestamp('03/06/22 03:35:20.405790000','DD/MM/RR HH24:MI:SSXFF'));
Insert into ADMIN.DJANGO_MIGRATIONS (ID,APP,NAME,APPLIED) values (9,'app','0004_auto_20220528_1942',to_timestamp('03/06/22 03:35:20.487572000','DD/MM/RR HH24:MI:SSXFF'));
Insert into ADMIN.DJANGO_MIGRATIONS (ID,APP,NAME,APPLIED) values (10,'app','0005_auto_20220528_2119',to_timestamp('03/06/22 03:35:20.499591000','DD/MM/RR HH24:MI:SSXFF'));
Insert into ADMIN.DJANGO_MIGRATIONS (ID,APP,NAME,APPLIED) values (11,'app','0006_peliculaproducto_urlpelicula',to_timestamp('03/06/22 03:35:20.532657000','DD/MM/RR HH24:MI:SSXFF'));
Insert into ADMIN.DJANGO_MIGRATIONS (ID,APP,NAME,APPLIED) values (12,'app','0007_auto_20220529_0219',to_timestamp('03/06/22 03:35:20.588693000','DD/MM/RR HH24:MI:SSXFF'));
Insert into ADMIN.DJANGO_MIGRATIONS (ID,APP,NAME,APPLIED) values (13,'app','0008_auto_20220529_0236',to_timestamp('03/06/22 03:35:20.619357000','DD/MM/RR HH24:MI:SSXFF'));
Insert into ADMIN.DJANGO_MIGRATIONS (ID,APP,NAME,APPLIED) values (14,'app','0009_alter_contacto_id_alter_pelicula_id_and_more',to_timestamp('03/06/22 03:35:23.102404000','DD/MM/RR HH24:MI:SSXFF'));
Insert into ADMIN.DJANGO_MIGRATIONS (ID,APP,NAME,APPLIED) values (15,'contenttypes','0002_remove_content_type_name',to_timestamp('03/06/22 03:35:23.381110000','DD/MM/RR HH24:MI:SSXFF'));
Insert into ADMIN.DJANGO_MIGRATIONS (ID,APP,NAME,APPLIED) values (16,'auth','0002_alter_permission_name_max_length',to_timestamp('03/06/22 03:35:23.398568000','DD/MM/RR HH24:MI:SSXFF'));
Insert into ADMIN.DJANGO_MIGRATIONS (ID,APP,NAME,APPLIED) values (17,'auth','0003_alter_user_email_max_length',to_timestamp('03/06/22 03:35:23.441534000','DD/MM/RR HH24:MI:SSXFF'));
Insert into ADMIN.DJANGO_MIGRATIONS (ID,APP,NAME,APPLIED) values (18,'auth','0004_alter_user_username_opts',to_timestamp('03/06/22 03:35:23.462478000','DD/MM/RR HH24:MI:SSXFF'));
Insert into ADMIN.DJANGO_MIGRATIONS (ID,APP,NAME,APPLIED) values (19,'auth','0005_alter_user_last_login_null',to_timestamp('03/06/22 03:35:23.491401000','DD/MM/RR HH24:MI:SSXFF'));
Insert into ADMIN.DJANGO_MIGRATIONS (ID,APP,NAME,APPLIED) values (20,'auth','0006_require_contenttypes_0002',to_timestamp('03/06/22 03:35:23.505362000','DD/MM/RR HH24:MI:SSXFF'));
Insert into ADMIN.DJANGO_MIGRATIONS (ID,APP,NAME,APPLIED) values (21,'auth','0007_alter_validators_add_error_messages',to_timestamp('03/06/22 03:35:23.531295000','DD/MM/RR HH24:MI:SSXFF'));
Insert into ADMIN.DJANGO_MIGRATIONS (ID,APP,NAME,APPLIED) values (22,'auth','0008_alter_user_username_max_length',to_timestamp('03/06/22 03:35:23.562499000','DD/MM/RR HH24:MI:SSXFF'));
Insert into ADMIN.DJANGO_MIGRATIONS (ID,APP,NAME,APPLIED) values (23,'auth','0009_alter_user_last_name_max_length',to_timestamp('03/06/22 03:35:23.594875000','DD/MM/RR HH24:MI:SSXFF'));
Insert into ADMIN.DJANGO_MIGRATIONS (ID,APP,NAME,APPLIED) values (24,'auth','0010_alter_group_name_max_length',to_timestamp('03/06/22 03:35:23.627817000','DD/MM/RR HH24:MI:SSXFF'));
Insert into ADMIN.DJANGO_MIGRATIONS (ID,APP,NAME,APPLIED) values (25,'auth','0011_update_proxy_permissions',to_timestamp('03/06/22 03:35:23.649728000','DD/MM/RR HH24:MI:SSXFF'));
Insert into ADMIN.DJANGO_MIGRATIONS (ID,APP,NAME,APPLIED) values (26,'auth','0012_alter_user_first_name_max_length',to_timestamp('03/06/22 03:35:23.678662000','DD/MM/RR HH24:MI:SSXFF'));
Insert into ADMIN.DJANGO_MIGRATIONS (ID,APP,NAME,APPLIED) values (27,'sessions','0001_initial',to_timestamp('03/06/22 03:35:23.713562000','DD/MM/RR HH24:MI:SSXFF'));
Insert into ADMIN.DJANGO_MIGRATIONS (ID,APP,NAME,APPLIED) values (41,'app','0010_rename_nombrecontacto_contacto_nombre_and_more',to_timestamp('03/06/22 21:00:51.713145000','DD/MM/RR HH24:MI:SSXFF'));
REM INSERTING into ADMIN.DJANGO_SESSION
SET DEFINE OFF;
Insert into ADMIN.DJANGO_SESSION (SESSION_KEY,EXPIRE_DATE) values ('39jvxuxl0cwwm4c6aykvpcu38prnmfni',to_timestamp('17/06/22 21:01:23.258567000','DD/MM/RR HH24:MI:SSXFF'));
Insert into ADMIN.DJANGO_SESSION (SESSION_KEY,EXPIRE_DATE) values ('d7b4h0mpcw9n5gbtfafipxkej0nqelcv',to_timestamp('20/06/22 20:55:33.687097000','DD/MM/RR HH24:MI:SSXFF'));
Insert into ADMIN.DJANGO_SESSION (SESSION_KEY,EXPIRE_DATE) values ('krwad60j398sza1loap6ze582pwq8jxp',to_timestamp('20/06/22 23:40:15.440465000','DD/MM/RR HH24:MI:SSXFF'));
Insert into ADMIN.DJANGO_SESSION (SESSION_KEY,EXPIRE_DATE) values ('qv52lzp80pzmkbpankaazmgrc3rzhe8n',to_timestamp('20/06/22 20:50:29.793937000','DD/MM/RR HH24:MI:SSXFF'));
Insert into ADMIN.DJANGO_SESSION (SESSION_KEY,EXPIRE_DATE) values ('vtyoyg0bx485yw2yx12x57sia6g0wxuu',to_timestamp('20/06/22 20:50:00.025755000','DD/MM/RR HH24:MI:SSXFF'));
Insert into ADMIN.DJANGO_SESSION (SESSION_KEY,EXPIRE_DATE) values ('wm6xabr67gml7sbsan6culmu5ob87yqu',to_timestamp('20/06/22 23:50:43.485837000','DD/MM/RR HH24:MI:SSXFF'));
Insert into ADMIN.DJANGO_SESSION (SESSION_KEY,EXPIRE_DATE) values ('ybu1bp8bgsugpfd0nq7tpl6szlppustx',to_timestamp('21/06/22 13:16:48.969037000','DD/MM/RR HH24:MI:SSXFF'));
--------------------------------------------------------
--  DDL for Index APP_PELICU_GENERO_ID_DBA2E0F0
--------------------------------------------------------

  CREATE INDEX "ADMIN"."APP_PELICU_GENERO_ID_DBA2E0F0" ON "ADMIN"."APP_PELICULAPRODUCTO" ("GENERO_ID") 
  PCTFREE 10 INITRANS 2 MAXTRANS 255 COMPUTE STATISTICS 
  STORAGE(INITIAL 65536 NEXT 1048576 MINEXTENTS 1 MAXEXTENTS 2147483645
  PCTINCREASE 0 FREELISTS 1 FREELIST GROUPS 1
  BUFFER_POOL DEFAULT FLASH_CACHE DEFAULT CELL_FLASH_CACHE DEFAULT)
  TABLESPACE "USERS" ;
--------------------------------------------------------
--  DDL for Index AUTH_GROU_GROUP_ID__0CD325B0_U
--------------------------------------------------------

  CREATE UNIQUE INDEX "ADMIN"."AUTH_GROU_GROUP_ID__0CD325B0_U" ON "ADMIN"."AUTH_GROUP_PERMISSIONS" ("GROUP_ID", "PERMISSION_ID") 
  PCTFREE 10 INITRANS 2 MAXTRANS 255 COMPUTE STATISTICS 
  TABLESPACE "USERS" ;
--------------------------------------------------------
--  DDL for Index AUTH_GROUP_GROUP_ID_B120CBF9
--------------------------------------------------------

  CREATE INDEX "ADMIN"."AUTH_GROUP_GROUP_ID_B120CBF9" ON "ADMIN"."AUTH_GROUP_PERMISSIONS" ("GROUP_ID") 
  PCTFREE 10 INITRANS 2 MAXTRANS 255 COMPUTE STATISTICS 
  TABLESPACE "USERS" ;
--------------------------------------------------------
--  DDL for Index AUTH_GROUP_PERMISSION_84C5C92E
--------------------------------------------------------

  CREATE INDEX "ADMIN"."AUTH_GROUP_PERMISSION_84C5C92E" ON "ADMIN"."AUTH_GROUP_PERMISSIONS" ("PERMISSION_ID") 
  PCTFREE 10 INITRANS 2 MAXTRANS 255 COMPUTE STATISTICS 
  TABLESPACE "USERS" ;
--------------------------------------------------------
--  DDL for Index AUTH_PERM_CONTENT_T_01AB375A_U
--------------------------------------------------------

  CREATE UNIQUE INDEX "ADMIN"."AUTH_PERM_CONTENT_T_01AB375A_U" ON "ADMIN"."AUTH_PERMISSION" ("CONTENT_TYPE_ID", "CODENAME") 
  PCTFREE 10 INITRANS 2 MAXTRANS 255 COMPUTE STATISTICS 
  STORAGE(INITIAL 65536 NEXT 1048576 MINEXTENTS 1 MAXEXTENTS 2147483645
  PCTINCREASE 0 FREELISTS 1 FREELIST GROUPS 1
  BUFFER_POOL DEFAULT FLASH_CACHE DEFAULT CELL_FLASH_CACHE DEFAULT)
  TABLESPACE "USERS" ;
--------------------------------------------------------
--  DDL for Index AUTH_PERMI_CONTENT_TY_2F476E4B
--------------------------------------------------------

  CREATE INDEX "ADMIN"."AUTH_PERMI_CONTENT_TY_2F476E4B" ON "ADMIN"."AUTH_PERMISSION" ("CONTENT_TYPE_ID") 
  PCTFREE 10 INITRANS 2 MAXTRANS 255 COMPUTE STATISTICS 
  STORAGE(INITIAL 65536 NEXT 1048576 MINEXTENTS 1 MAXEXTENTS 2147483645
  PCTINCREASE 0 FREELISTS 1 FREELIST GROUPS 1
  BUFFER_POOL DEFAULT FLASH_CACHE DEFAULT CELL_FLASH_CACHE DEFAULT)
  TABLESPACE "USERS" ;
--------------------------------------------------------
--  DDL for Index AUTH_USER__GROUP_ID_97559544
--------------------------------------------------------

  CREATE INDEX "ADMIN"."AUTH_USER__GROUP_ID_97559544" ON "ADMIN"."AUTH_USER_GROUPS" ("GROUP_ID") 
  PCTFREE 10 INITRANS 2 MAXTRANS 255 COMPUTE STATISTICS 
  TABLESPACE "USERS" ;
--------------------------------------------------------
--  DDL for Index AUTH_USER__PERMISSION_1FBB5F2C
--------------------------------------------------------

  CREATE INDEX "ADMIN"."AUTH_USER__PERMISSION_1FBB5F2C" ON "ADMIN"."AUTH_USER_USER_PERMISSIONS" ("PERMISSION_ID") 
  PCTFREE 10 INITRANS 2 MAXTRANS 255 COMPUTE STATISTICS 
  TABLESPACE "USERS" ;
--------------------------------------------------------
--  DDL for Index AUTH_USER__USER_ID_A95EAD1B
--------------------------------------------------------

  CREATE INDEX "ADMIN"."AUTH_USER__USER_ID_A95EAD1B" ON "ADMIN"."AUTH_USER_USER_PERMISSIONS" ("USER_ID") 
  PCTFREE 10 INITRANS 2 MAXTRANS 255 COMPUTE STATISTICS 
  TABLESPACE "USERS" ;
--------------------------------------------------------
--  DDL for Index AUTH_USER_USER_ID_G_94350C0C_U
--------------------------------------------------------

  CREATE UNIQUE INDEX "ADMIN"."AUTH_USER_USER_ID_G_94350C0C_U" ON "ADMIN"."AUTH_USER_GROUPS" ("USER_ID", "GROUP_ID") 
  PCTFREE 10 INITRANS 2 MAXTRANS 255 COMPUTE STATISTICS 
  TABLESPACE "USERS" ;
--------------------------------------------------------
--  DDL for Index AUTH_USER_USER_ID_P_14A6B632_U
--------------------------------------------------------

  CREATE UNIQUE INDEX "ADMIN"."AUTH_USER_USER_ID_P_14A6B632_U" ON "ADMIN"."AUTH_USER_USER_PERMISSIONS" ("USER_ID", "PERMISSION_ID") 
  PCTFREE 10 INITRANS 2 MAXTRANS 255 COMPUTE STATISTICS 
  TABLESPACE "USERS" ;
--------------------------------------------------------
--  DDL for Index AUTH_USER__USER_ID_6A12ED8B
--------------------------------------------------------

  CREATE INDEX "ADMIN"."AUTH_USER__USER_ID_6A12ED8B" ON "ADMIN"."AUTH_USER_GROUPS" ("USER_ID") 
  PCTFREE 10 INITRANS 2 MAXTRANS 255 COMPUTE STATISTICS 
  TABLESPACE "USERS" ;
--------------------------------------------------------
--  DDL for Index DJANGO_ADM_CONTENT_TY_C4BCE8EB
--------------------------------------------------------

  CREATE INDEX "ADMIN"."DJANGO_ADM_CONTENT_TY_C4BCE8EB" ON "ADMIN"."DJANGO_ADMIN_LOG" ("CONTENT_TYPE_ID") 
  PCTFREE 10 INITRANS 2 MAXTRANS 255 COMPUTE STATISTICS 
  STORAGE(INITIAL 65536 NEXT 1048576 MINEXTENTS 1 MAXEXTENTS 2147483645
  PCTINCREASE 0 FREELISTS 1 FREELIST GROUPS 1
  BUFFER_POOL DEFAULT FLASH_CACHE DEFAULT CELL_FLASH_CACHE DEFAULT)
  TABLESPACE "USERS" ;
--------------------------------------------------------
--  DDL for Index DJANGO_ADM_USER_ID_C564EBA6
--------------------------------------------------------

  CREATE INDEX "ADMIN"."DJANGO_ADM_USER_ID_C564EBA6" ON "ADMIN"."DJANGO_ADMIN_LOG" ("USER_ID") 
  PCTFREE 10 INITRANS 2 MAXTRANS 255 COMPUTE STATISTICS 
  STORAGE(INITIAL 65536 NEXT 1048576 MINEXTENTS 1 MAXEXTENTS 2147483645
  PCTINCREASE 0 FREELISTS 1 FREELIST GROUPS 1
  BUFFER_POOL DEFAULT FLASH_CACHE DEFAULT CELL_FLASH_CACHE DEFAULT)
  TABLESPACE "USERS" ;
--------------------------------------------------------
--  DDL for Index DJANGO_CO_APP_LABEL_76BD3D3B_U
--------------------------------------------------------

  CREATE UNIQUE INDEX "ADMIN"."DJANGO_CO_APP_LABEL_76BD3D3B_U" ON "ADMIN"."DJANGO_CONTENT_TYPE" ("APP_LABEL", "MODEL") 
  PCTFREE 10 INITRANS 2 MAXTRANS 255 COMPUTE STATISTICS 
  STORAGE(INITIAL 65536 NEXT 1048576 MINEXTENTS 1 MAXEXTENTS 2147483645
  PCTINCREASE 0 FREELISTS 1 FREELIST GROUPS 1
  BUFFER_POOL DEFAULT FLASH_CACHE DEFAULT CELL_FLASH_CACHE DEFAULT)
  TABLESPACE "USERS" ;
--------------------------------------------------------
--  DDL for Index DJANGO_SES_EXPIRE_DAT_A5C62663
--------------------------------------------------------

  CREATE INDEX "ADMIN"."DJANGO_SES_EXPIRE_DAT_A5C62663" ON "ADMIN"."DJANGO_SESSION" ("EXPIRE_DATE") 
  PCTFREE 10 INITRANS 2 MAXTRANS 255 COMPUTE STATISTICS 
  STORAGE(INITIAL 65536 NEXT 1048576 MINEXTENTS 1 MAXEXTENTS 2147483645
  PCTINCREASE 0 FREELISTS 1 FREELIST GROUPS 1
  BUFFER_POOL DEFAULT FLASH_CACHE DEFAULT CELL_FLASH_CACHE DEFAULT)
  TABLESPACE "USERS" ;
--------------------------------------------------------
--  DDL for Index SYS_C007727
--------------------------------------------------------

  CREATE UNIQUE INDEX "ADMIN"."SYS_C007727" ON "ADMIN"."DJANGO_MIGRATIONS" ("ID") 
  PCTFREE 10 INITRANS 2 MAXTRANS 255 COMPUTE STATISTICS 
  STORAGE(INITIAL 65536 NEXT 1048576 MINEXTENTS 1 MAXEXTENTS 2147483645
  PCTINCREASE 0 FREELISTS 1 FREELIST GROUPS 1
  BUFFER_POOL DEFAULT FLASH_CACHE DEFAULT CELL_FLASH_CACHE DEFAULT)
  TABLESPACE "USERS" ;
--------------------------------------------------------
--  DDL for Index SYS_C007729
--------------------------------------------------------

  CREATE UNIQUE INDEX "ADMIN"."SYS_C007729" ON "ADMIN"."DJANGO_CONTENT_TYPE" ("ID") 
  PCTFREE 10 INITRANS 2 MAXTRANS 255 COMPUTE STATISTICS 
  STORAGE(INITIAL 65536 NEXT 1048576 MINEXTENTS 1 MAXEXTENTS 2147483645
  PCTINCREASE 0 FREELISTS 1 FREELIST GROUPS 1
  BUFFER_POOL DEFAULT FLASH_CACHE DEFAULT CELL_FLASH_CACHE DEFAULT)
  TABLESPACE "USERS" ;
--------------------------------------------------------
--  DDL for Index SYS_C007733
--------------------------------------------------------

  CREATE UNIQUE INDEX "ADMIN"."SYS_C007733" ON "ADMIN"."AUTH_PERMISSION" ("ID") 
  PCTFREE 10 INITRANS 2 MAXTRANS 255 COMPUTE STATISTICS 
  STORAGE(INITIAL 65536 NEXT 1048576 MINEXTENTS 1 MAXEXTENTS 2147483645
  PCTINCREASE 0 FREELISTS 1 FREELIST GROUPS 1
  BUFFER_POOL DEFAULT FLASH_CACHE DEFAULT CELL_FLASH_CACHE DEFAULT)
  TABLESPACE "USERS" ;
--------------------------------------------------------
--  DDL for Index SYS_C007735
--------------------------------------------------------

  CREATE UNIQUE INDEX "ADMIN"."SYS_C007735" ON "ADMIN"."AUTH_GROUP" ("ID") 
  PCTFREE 10 INITRANS 2 MAXTRANS 255 COMPUTE STATISTICS 
  TABLESPACE "USERS" ;
--------------------------------------------------------
--  DDL for Index SYS_C007736
--------------------------------------------------------

  CREATE UNIQUE INDEX "ADMIN"."SYS_C007736" ON "ADMIN"."AUTH_GROUP" ("NAME") 
  PCTFREE 10 INITRANS 2 MAXTRANS 255 COMPUTE STATISTICS 
  TABLESPACE "USERS" ;
--------------------------------------------------------
--  DDL for Index SYS_C007740
--------------------------------------------------------

  CREATE UNIQUE INDEX "ADMIN"."SYS_C007740" ON "ADMIN"."AUTH_GROUP_PERMISSIONS" ("ID") 
  PCTFREE 10 INITRANS 2 MAXTRANS 255 COMPUTE STATISTICS 
  TABLESPACE "USERS" ;
--------------------------------------------------------
--  DDL for Index SYS_C007750
--------------------------------------------------------

  CREATE UNIQUE INDEX "ADMIN"."SYS_C007750" ON "ADMIN"."AUTH_USER" ("ID") 
  PCTFREE 10 INITRANS 2 MAXTRANS 255 COMPUTE STATISTICS 
  STORAGE(INITIAL 65536 NEXT 1048576 MINEXTENTS 1 MAXEXTENTS 2147483645
  PCTINCREASE 0 FREELISTS 1 FREELIST GROUPS 1
  BUFFER_POOL DEFAULT FLASH_CACHE DEFAULT CELL_FLASH_CACHE DEFAULT)
  TABLESPACE "USERS" ;
--------------------------------------------------------
--  DDL for Index SYS_C007751
--------------------------------------------------------

  CREATE UNIQUE INDEX "ADMIN"."SYS_C007751" ON "ADMIN"."AUTH_USER" ("USERNAME") 
  PCTFREE 10 INITRANS 2 MAXTRANS 255 COMPUTE STATISTICS 
  STORAGE(INITIAL 65536 NEXT 1048576 MINEXTENTS 1 MAXEXTENTS 2147483645
  PCTINCREASE 0 FREELISTS 1 FREELIST GROUPS 1
  BUFFER_POOL DEFAULT FLASH_CACHE DEFAULT CELL_FLASH_CACHE DEFAULT)
  TABLESPACE "USERS" ;
--------------------------------------------------------
--  DDL for Index SYS_C007755
--------------------------------------------------------

  CREATE UNIQUE INDEX "ADMIN"."SYS_C007755" ON "ADMIN"."AUTH_USER_GROUPS" ("ID") 
  PCTFREE 10 INITRANS 2 MAXTRANS 255 COMPUTE STATISTICS 
  TABLESPACE "USERS" ;
--------------------------------------------------------
--  DDL for Index SYS_C007759
--------------------------------------------------------

  CREATE UNIQUE INDEX "ADMIN"."SYS_C007759" ON "ADMIN"."AUTH_USER_USER_PERMISSIONS" ("ID") 
  PCTFREE 10 INITRANS 2 MAXTRANS 255 COMPUTE STATISTICS 
  TABLESPACE "USERS" ;
--------------------------------------------------------
--  DDL for Index SYS_C007776
--------------------------------------------------------

  CREATE UNIQUE INDEX "ADMIN"."SYS_C007776" ON "ADMIN"."DJANGO_ADMIN_LOG" ("ID") 
  PCTFREE 10 INITRANS 2 MAXTRANS 255 COMPUTE STATISTICS 
  STORAGE(INITIAL 65536 NEXT 1048576 MINEXTENTS 1 MAXEXTENTS 2147483645
  PCTINCREASE 0 FREELISTS 1 FREELIST GROUPS 1
  BUFFER_POOL DEFAULT FLASH_CACHE DEFAULT CELL_FLASH_CACHE DEFAULT)
  TABLESPACE "USERS" ;
--------------------------------------------------------
--  DDL for Index SYS_C007780
--------------------------------------------------------

  CREATE UNIQUE INDEX "ADMIN"."SYS_C007780" ON "ADMIN"."APP_PELICULA" ("ID") 
  PCTFREE 10 INITRANS 2 MAXTRANS 255 COMPUTE STATISTICS 
  STORAGE(INITIAL 65536 NEXT 1048576 MINEXTENTS 1 MAXEXTENTS 2147483645
  PCTINCREASE 0 FREELISTS 1 FREELIST GROUPS 1
  BUFFER_POOL DEFAULT FLASH_CACHE DEFAULT CELL_FLASH_CACHE DEFAULT)
  TABLESPACE "USERS" ;
--------------------------------------------------------
--  DDL for Index SYS_C007795
--------------------------------------------------------

  CREATE UNIQUE INDEX "ADMIN"."SYS_C007795" ON "ADMIN"."APP_CONTACTO" ("ID") 
  PCTFREE 10 INITRANS 2 MAXTRANS 255 COMPUTE STATISTICS 
  STORAGE(INITIAL 65536 NEXT 1048576 MINEXTENTS 1 MAXEXTENTS 2147483645
  PCTINCREASE 0 FREELISTS 1 FREELIST GROUPS 1
  BUFFER_POOL DEFAULT FLASH_CACHE DEFAULT CELL_FLASH_CACHE DEFAULT)
  TABLESPACE "USERS" ;
--------------------------------------------------------
--  DDL for Index SYS_C007799
--------------------------------------------------------

  CREATE UNIQUE INDEX "ADMIN"."SYS_C007799" ON "ADMIN"."APP_PELICULAPRODUCTO" ("ID") 
  PCTFREE 10 INITRANS 2 MAXTRANS 255 COMPUTE STATISTICS 
  STORAGE(INITIAL 65536 NEXT 1048576 MINEXTENTS 1 MAXEXTENTS 2147483645
  PCTINCREASE 0 FREELISTS 1 FREELIST GROUPS 1
  BUFFER_POOL DEFAULT FLASH_CACHE DEFAULT CELL_FLASH_CACHE DEFAULT)
  TABLESPACE "USERS" ;
--------------------------------------------------------
--  DDL for Index SYS_C007804
--------------------------------------------------------

  CREATE UNIQUE INDEX "ADMIN"."SYS_C007804" ON "ADMIN"."DJANGO_SESSION" ("SESSION_KEY") 
  PCTFREE 10 INITRANS 2 MAXTRANS 255 COMPUTE STATISTICS 
  STORAGE(INITIAL 65536 NEXT 1048576 MINEXTENTS 1 MAXEXTENTS 2147483645
  PCTINCREASE 0 FREELISTS 1 FREELIST GROUPS 1
  BUFFER_POOL DEFAULT FLASH_CACHE DEFAULT CELL_FLASH_CACHE DEFAULT)
  TABLESPACE "USERS" ;
--------------------------------------------------------
--  DDL for Index SYS_C007795
--------------------------------------------------------

  CREATE UNIQUE INDEX "ADMIN"."SYS_C007795" ON "ADMIN"."APP_CONTACTO" ("ID") 
  PCTFREE 10 INITRANS 2 MAXTRANS 255 COMPUTE STATISTICS 
  STORAGE(INITIAL 65536 NEXT 1048576 MINEXTENTS 1 MAXEXTENTS 2147483645
  PCTINCREASE 0 FREELISTS 1 FREELIST GROUPS 1
  BUFFER_POOL DEFAULT FLASH_CACHE DEFAULT CELL_FLASH_CACHE DEFAULT)
  TABLESPACE "USERS" ;
--------------------------------------------------------
--  DDL for Index SYS_C007780
--------------------------------------------------------

  CREATE UNIQUE INDEX "ADMIN"."SYS_C007780" ON "ADMIN"."APP_PELICULA" ("ID") 
  PCTFREE 10 INITRANS 2 MAXTRANS 255 COMPUTE STATISTICS 
  STORAGE(INITIAL 65536 NEXT 1048576 MINEXTENTS 1 MAXEXTENTS 2147483645
  PCTINCREASE 0 FREELISTS 1 FREELIST GROUPS 1
  BUFFER_POOL DEFAULT FLASH_CACHE DEFAULT CELL_FLASH_CACHE DEFAULT)
  TABLESPACE "USERS" ;
--------------------------------------------------------
--  DDL for Index SYS_C007799
--------------------------------------------------------

  CREATE UNIQUE INDEX "ADMIN"."SYS_C007799" ON "ADMIN"."APP_PELICULAPRODUCTO" ("ID") 
  PCTFREE 10 INITRANS 2 MAXTRANS 255 COMPUTE STATISTICS 
  STORAGE(INITIAL 65536 NEXT 1048576 MINEXTENTS 1 MAXEXTENTS 2147483645
  PCTINCREASE 0 FREELISTS 1 FREELIST GROUPS 1
  BUFFER_POOL DEFAULT FLASH_CACHE DEFAULT CELL_FLASH_CACHE DEFAULT)
  TABLESPACE "USERS" ;
--------------------------------------------------------
--  DDL for Index APP_PELICU_GENERO_ID_DBA2E0F0
--------------------------------------------------------

  CREATE INDEX "ADMIN"."APP_PELICU_GENERO_ID_DBA2E0F0" ON "ADMIN"."APP_PELICULAPRODUCTO" ("GENERO_ID") 
  PCTFREE 10 INITRANS 2 MAXTRANS 255 COMPUTE STATISTICS 
  STORAGE(INITIAL 65536 NEXT 1048576 MINEXTENTS 1 MAXEXTENTS 2147483645
  PCTINCREASE 0 FREELISTS 1 FREELIST GROUPS 1
  BUFFER_POOL DEFAULT FLASH_CACHE DEFAULT CELL_FLASH_CACHE DEFAULT)
  TABLESPACE "USERS" ;
--------------------------------------------------------
--  DDL for Index SYS_C007735
--------------------------------------------------------

  CREATE UNIQUE INDEX "ADMIN"."SYS_C007735" ON "ADMIN"."AUTH_GROUP" ("ID") 
  PCTFREE 10 INITRANS 2 MAXTRANS 255 COMPUTE STATISTICS 
  TABLESPACE "USERS" ;
--------------------------------------------------------
--  DDL for Index SYS_C007736
--------------------------------------------------------

  CREATE UNIQUE INDEX "ADMIN"."SYS_C007736" ON "ADMIN"."AUTH_GROUP" ("NAME") 
  PCTFREE 10 INITRANS 2 MAXTRANS 255 COMPUTE STATISTICS 
  TABLESPACE "USERS" ;
--------------------------------------------------------
--  DDL for Index SYS_C007740
--------------------------------------------------------

  CREATE UNIQUE INDEX "ADMIN"."SYS_C007740" ON "ADMIN"."AUTH_GROUP_PERMISSIONS" ("ID") 
  PCTFREE 10 INITRANS 2 MAXTRANS 255 COMPUTE STATISTICS 
  TABLESPACE "USERS" ;
--------------------------------------------------------
--  DDL for Index AUTH_GROU_GROUP_ID__0CD325B0_U
--------------------------------------------------------

  CREATE UNIQUE INDEX "ADMIN"."AUTH_GROU_GROUP_ID__0CD325B0_U" ON "ADMIN"."AUTH_GROUP_PERMISSIONS" ("GROUP_ID", "PERMISSION_ID") 
  PCTFREE 10 INITRANS 2 MAXTRANS 255 COMPUTE STATISTICS 
  TABLESPACE "USERS" ;
--------------------------------------------------------
--  DDL for Index AUTH_GROUP_GROUP_ID_B120CBF9
--------------------------------------------------------

  CREATE INDEX "ADMIN"."AUTH_GROUP_GROUP_ID_B120CBF9" ON "ADMIN"."AUTH_GROUP_PERMISSIONS" ("GROUP_ID") 
  PCTFREE 10 INITRANS 2 MAXTRANS 255 COMPUTE STATISTICS 
  TABLESPACE "USERS" ;
--------------------------------------------------------
--  DDL for Index AUTH_GROUP_PERMISSION_84C5C92E
--------------------------------------------------------

  CREATE INDEX "ADMIN"."AUTH_GROUP_PERMISSION_84C5C92E" ON "ADMIN"."AUTH_GROUP_PERMISSIONS" ("PERMISSION_ID") 
  PCTFREE 10 INITRANS 2 MAXTRANS 255 COMPUTE STATISTICS 
  TABLESPACE "USERS" ;
--------------------------------------------------------
--  DDL for Index SYS_C007733
--------------------------------------------------------

  CREATE UNIQUE INDEX "ADMIN"."SYS_C007733" ON "ADMIN"."AUTH_PERMISSION" ("ID") 
  PCTFREE 10 INITRANS 2 MAXTRANS 255 COMPUTE STATISTICS 
  STORAGE(INITIAL 65536 NEXT 1048576 MINEXTENTS 1 MAXEXTENTS 2147483645
  PCTINCREASE 0 FREELISTS 1 FREELIST GROUPS 1
  BUFFER_POOL DEFAULT FLASH_CACHE DEFAULT CELL_FLASH_CACHE DEFAULT)
  TABLESPACE "USERS" ;
--------------------------------------------------------
--  DDL for Index AUTH_PERM_CONTENT_T_01AB375A_U
--------------------------------------------------------

  CREATE UNIQUE INDEX "ADMIN"."AUTH_PERM_CONTENT_T_01AB375A_U" ON "ADMIN"."AUTH_PERMISSION" ("CONTENT_TYPE_ID", "CODENAME") 
  PCTFREE 10 INITRANS 2 MAXTRANS 255 COMPUTE STATISTICS 
  STORAGE(INITIAL 65536 NEXT 1048576 MINEXTENTS 1 MAXEXTENTS 2147483645
  PCTINCREASE 0 FREELISTS 1 FREELIST GROUPS 1
  BUFFER_POOL DEFAULT FLASH_CACHE DEFAULT CELL_FLASH_CACHE DEFAULT)
  TABLESPACE "USERS" ;
--------------------------------------------------------
--  DDL for Index AUTH_PERMI_CONTENT_TY_2F476E4B
--------------------------------------------------------

  CREATE INDEX "ADMIN"."AUTH_PERMI_CONTENT_TY_2F476E4B" ON "ADMIN"."AUTH_PERMISSION" ("CONTENT_TYPE_ID") 
  PCTFREE 10 INITRANS 2 MAXTRANS 255 COMPUTE STATISTICS 
  STORAGE(INITIAL 65536 NEXT 1048576 MINEXTENTS 1 MAXEXTENTS 2147483645
  PCTINCREASE 0 FREELISTS 1 FREELIST GROUPS 1
  BUFFER_POOL DEFAULT FLASH_CACHE DEFAULT CELL_FLASH_CACHE DEFAULT)
  TABLESPACE "USERS" ;
--------------------------------------------------------
--  DDL for Index SYS_C007750
--------------------------------------------------------

  CREATE UNIQUE INDEX "ADMIN"."SYS_C007750" ON "ADMIN"."AUTH_USER" ("ID") 
  PCTFREE 10 INITRANS 2 MAXTRANS 255 COMPUTE STATISTICS 
  STORAGE(INITIAL 65536 NEXT 1048576 MINEXTENTS 1 MAXEXTENTS 2147483645
  PCTINCREASE 0 FREELISTS 1 FREELIST GROUPS 1
  BUFFER_POOL DEFAULT FLASH_CACHE DEFAULT CELL_FLASH_CACHE DEFAULT)
  TABLESPACE "USERS" ;
--------------------------------------------------------
--  DDL for Index SYS_C007751
--------------------------------------------------------

  CREATE UNIQUE INDEX "ADMIN"."SYS_C007751" ON "ADMIN"."AUTH_USER" ("USERNAME") 
  PCTFREE 10 INITRANS 2 MAXTRANS 255 COMPUTE STATISTICS 
  STORAGE(INITIAL 65536 NEXT 1048576 MINEXTENTS 1 MAXEXTENTS 2147483645
  PCTINCREASE 0 FREELISTS 1 FREELIST GROUPS 1
  BUFFER_POOL DEFAULT FLASH_CACHE DEFAULT CELL_FLASH_CACHE DEFAULT)
  TABLESPACE "USERS" ;
--------------------------------------------------------
--  DDL for Index SYS_C007755
--------------------------------------------------------

  CREATE UNIQUE INDEX "ADMIN"."SYS_C007755" ON "ADMIN"."AUTH_USER_GROUPS" ("ID") 
  PCTFREE 10 INITRANS 2 MAXTRANS 255 COMPUTE STATISTICS 
  TABLESPACE "USERS" ;
--------------------------------------------------------
--  DDL for Index AUTH_USER_USER_ID_G_94350C0C_U
--------------------------------------------------------

  CREATE UNIQUE INDEX "ADMIN"."AUTH_USER_USER_ID_G_94350C0C_U" ON "ADMIN"."AUTH_USER_GROUPS" ("USER_ID", "GROUP_ID") 
  PCTFREE 10 INITRANS 2 MAXTRANS 255 COMPUTE STATISTICS 
  TABLESPACE "USERS" ;
--------------------------------------------------------
--  DDL for Index AUTH_USER__USER_ID_6A12ED8B
--------------------------------------------------------

  CREATE INDEX "ADMIN"."AUTH_USER__USER_ID_6A12ED8B" ON "ADMIN"."AUTH_USER_GROUPS" ("USER_ID") 
  PCTFREE 10 INITRANS 2 MAXTRANS 255 COMPUTE STATISTICS 
  TABLESPACE "USERS" ;
--------------------------------------------------------
--  DDL for Index AUTH_USER__GROUP_ID_97559544
--------------------------------------------------------

  CREATE INDEX "ADMIN"."AUTH_USER__GROUP_ID_97559544" ON "ADMIN"."AUTH_USER_GROUPS" ("GROUP_ID") 
  PCTFREE 10 INITRANS 2 MAXTRANS 255 COMPUTE STATISTICS 
  TABLESPACE "USERS" ;
--------------------------------------------------------
--  DDL for Index SYS_C007759
--------------------------------------------------------

  CREATE UNIQUE INDEX "ADMIN"."SYS_C007759" ON "ADMIN"."AUTH_USER_USER_PERMISSIONS" ("ID") 
  PCTFREE 10 INITRANS 2 MAXTRANS 255 COMPUTE STATISTICS 
  TABLESPACE "USERS" ;
--------------------------------------------------------
--  DDL for Index AUTH_USER_USER_ID_P_14A6B632_U
--------------------------------------------------------

  CREATE UNIQUE INDEX "ADMIN"."AUTH_USER_USER_ID_P_14A6B632_U" ON "ADMIN"."AUTH_USER_USER_PERMISSIONS" ("USER_ID", "PERMISSION_ID") 
  PCTFREE 10 INITRANS 2 MAXTRANS 255 COMPUTE STATISTICS 
  TABLESPACE "USERS" ;
--------------------------------------------------------
--  DDL for Index AUTH_USER__USER_ID_A95EAD1B
--------------------------------------------------------

  CREATE INDEX "ADMIN"."AUTH_USER__USER_ID_A95EAD1B" ON "ADMIN"."AUTH_USER_USER_PERMISSIONS" ("USER_ID") 
  PCTFREE 10 INITRANS 2 MAXTRANS 255 COMPUTE STATISTICS 
  TABLESPACE "USERS" ;
--------------------------------------------------------
--  DDL for Index AUTH_USER__PERMISSION_1FBB5F2C
--------------------------------------------------------

  CREATE INDEX "ADMIN"."AUTH_USER__PERMISSION_1FBB5F2C" ON "ADMIN"."AUTH_USER_USER_PERMISSIONS" ("PERMISSION_ID") 
  PCTFREE 10 INITRANS 2 MAXTRANS 255 COMPUTE STATISTICS 
  TABLESPACE "USERS" ;
--------------------------------------------------------
--  DDL for Index DJANGO_ADM_CONTENT_TY_C4BCE8EB
--------------------------------------------------------

  CREATE INDEX "ADMIN"."DJANGO_ADM_CONTENT_TY_C4BCE8EB" ON "ADMIN"."DJANGO_ADMIN_LOG" ("CONTENT_TYPE_ID") 
  PCTFREE 10 INITRANS 2 MAXTRANS 255 COMPUTE STATISTICS 
  STORAGE(INITIAL 65536 NEXT 1048576 MINEXTENTS 1 MAXEXTENTS 2147483645
  PCTINCREASE 0 FREELISTS 1 FREELIST GROUPS 1
  BUFFER_POOL DEFAULT FLASH_CACHE DEFAULT CELL_FLASH_CACHE DEFAULT)
  TABLESPACE "USERS" ;
--------------------------------------------------------
--  DDL for Index DJANGO_ADM_USER_ID_C564EBA6
--------------------------------------------------------

  CREATE INDEX "ADMIN"."DJANGO_ADM_USER_ID_C564EBA6" ON "ADMIN"."DJANGO_ADMIN_LOG" ("USER_ID") 
  PCTFREE 10 INITRANS 2 MAXTRANS 255 COMPUTE STATISTICS 
  STORAGE(INITIAL 65536 NEXT 1048576 MINEXTENTS 1 MAXEXTENTS 2147483645
  PCTINCREASE 0 FREELISTS 1 FREELIST GROUPS 1
  BUFFER_POOL DEFAULT FLASH_CACHE DEFAULT CELL_FLASH_CACHE DEFAULT)
  TABLESPACE "USERS" ;
--------------------------------------------------------
--  DDL for Index SYS_C007776
--------------------------------------------------------

  CREATE UNIQUE INDEX "ADMIN"."SYS_C007776" ON "ADMIN"."DJANGO_ADMIN_LOG" ("ID") 
  PCTFREE 10 INITRANS 2 MAXTRANS 255 COMPUTE STATISTICS 
  STORAGE(INITIAL 65536 NEXT 1048576 MINEXTENTS 1 MAXEXTENTS 2147483645
  PCTINCREASE 0 FREELISTS 1 FREELIST GROUPS 1
  BUFFER_POOL DEFAULT FLASH_CACHE DEFAULT CELL_FLASH_CACHE DEFAULT)
  TABLESPACE "USERS" ;
--------------------------------------------------------
--  DDL for Index SYS_C007729
--------------------------------------------------------

  CREATE UNIQUE INDEX "ADMIN"."SYS_C007729" ON "ADMIN"."DJANGO_CONTENT_TYPE" ("ID") 
  PCTFREE 10 INITRANS 2 MAXTRANS 255 COMPUTE STATISTICS 
  STORAGE(INITIAL 65536 NEXT 1048576 MINEXTENTS 1 MAXEXTENTS 2147483645
  PCTINCREASE 0 FREELISTS 1 FREELIST GROUPS 1
  BUFFER_POOL DEFAULT FLASH_CACHE DEFAULT CELL_FLASH_CACHE DEFAULT)
  TABLESPACE "USERS" ;
--------------------------------------------------------
--  DDL for Index DJANGO_CO_APP_LABEL_76BD3D3B_U
--------------------------------------------------------

  CREATE UNIQUE INDEX "ADMIN"."DJANGO_CO_APP_LABEL_76BD3D3B_U" ON "ADMIN"."DJANGO_CONTENT_TYPE" ("APP_LABEL", "MODEL") 
  PCTFREE 10 INITRANS 2 MAXTRANS 255 COMPUTE STATISTICS 
  STORAGE(INITIAL 65536 NEXT 1048576 MINEXTENTS 1 MAXEXTENTS 2147483645
  PCTINCREASE 0 FREELISTS 1 FREELIST GROUPS 1
  BUFFER_POOL DEFAULT FLASH_CACHE DEFAULT CELL_FLASH_CACHE DEFAULT)
  TABLESPACE "USERS" ;
--------------------------------------------------------
--  DDL for Index SYS_C007727
--------------------------------------------------------

  CREATE UNIQUE INDEX "ADMIN"."SYS_C007727" ON "ADMIN"."DJANGO_MIGRATIONS" ("ID") 
  PCTFREE 10 INITRANS 2 MAXTRANS 255 COMPUTE STATISTICS 
  STORAGE(INITIAL 65536 NEXT 1048576 MINEXTENTS 1 MAXEXTENTS 2147483645
  PCTINCREASE 0 FREELISTS 1 FREELIST GROUPS 1
  BUFFER_POOL DEFAULT FLASH_CACHE DEFAULT CELL_FLASH_CACHE DEFAULT)
  TABLESPACE "USERS" ;
--------------------------------------------------------
--  DDL for Index SYS_C007804
--------------------------------------------------------

  CREATE UNIQUE INDEX "ADMIN"."SYS_C007804" ON "ADMIN"."DJANGO_SESSION" ("SESSION_KEY") 
  PCTFREE 10 INITRANS 2 MAXTRANS 255 COMPUTE STATISTICS 
  STORAGE(INITIAL 65536 NEXT 1048576 MINEXTENTS 1 MAXEXTENTS 2147483645
  PCTINCREASE 0 FREELISTS 1 FREELIST GROUPS 1
  BUFFER_POOL DEFAULT FLASH_CACHE DEFAULT CELL_FLASH_CACHE DEFAULT)
  TABLESPACE "USERS" ;
--------------------------------------------------------
--  DDL for Index DJANGO_SES_EXPIRE_DAT_A5C62663
--------------------------------------------------------

  CREATE INDEX "ADMIN"."DJANGO_SES_EXPIRE_DAT_A5C62663" ON "ADMIN"."DJANGO_SESSION" ("EXPIRE_DATE") 
  PCTFREE 10 INITRANS 2 MAXTRANS 255 COMPUTE STATISTICS 
  STORAGE(INITIAL 65536 NEXT 1048576 MINEXTENTS 1 MAXEXTENTS 2147483645
  PCTINCREASE 0 FREELISTS 1 FREELIST GROUPS 1
  BUFFER_POOL DEFAULT FLASH_CACHE DEFAULT CELL_FLASH_CACHE DEFAULT)
  TABLESPACE "USERS" ;
--------------------------------------------------------
--  Constraints for Table APP_CONTACTO
--------------------------------------------------------

  ALTER TABLE "ADMIN"."APP_CONTACTO" MODIFY ("ID" NOT NULL ENABLE);
  ALTER TABLE "ADMIN"."APP_CONTACTO" MODIFY ("TIPO_CONSULTA" NOT NULL ENABLE);
  ALTER TABLE "ADMIN"."APP_CONTACTO" MODIFY ("AVISOS" NOT NULL ENABLE);
  ALTER TABLE "ADMIN"."APP_CONTACTO" ADD CHECK ("AVISOS" IN (0,1)) ENABLE;
  ALTER TABLE "ADMIN"."APP_CONTACTO" ADD PRIMARY KEY ("ID")
  USING INDEX PCTFREE 10 INITRANS 2 MAXTRANS 255 COMPUTE STATISTICS 
  STORAGE(INITIAL 65536 NEXT 1048576 MINEXTENTS 1 MAXEXTENTS 2147483645
  PCTINCREASE 0 FREELISTS 1 FREELIST GROUPS 1
  BUFFER_POOL DEFAULT FLASH_CACHE DEFAULT CELL_FLASH_CACHE DEFAULT)
  TABLESPACE "USERS"  ENABLE;
--------------------------------------------------------
--  Constraints for Table APP_PELICULA
--------------------------------------------------------

  ALTER TABLE "ADMIN"."APP_PELICULA" MODIFY ("ID" NOT NULL ENABLE);
  ALTER TABLE "ADMIN"."APP_PELICULA" ADD PRIMARY KEY ("ID")
  USING INDEX PCTFREE 10 INITRANS 2 MAXTRANS 255 COMPUTE STATISTICS 
  STORAGE(INITIAL 65536 NEXT 1048576 MINEXTENTS 1 MAXEXTENTS 2147483645
  PCTINCREASE 0 FREELISTS 1 FREELIST GROUPS 1
  BUFFER_POOL DEFAULT FLASH_CACHE DEFAULT CELL_FLASH_CACHE DEFAULT)
  TABLESPACE "USERS"  ENABLE;
--------------------------------------------------------
--  Constraints for Table APP_PELICULAPRODUCTO
--------------------------------------------------------

  ALTER TABLE "ADMIN"."APP_PELICULAPRODUCTO" MODIFY ("ID" NOT NULL ENABLE);
  ALTER TABLE "ADMIN"."APP_PELICULAPRODUCTO" MODIFY ("CODIGO" NOT NULL ENABLE);
  ALTER TABLE "ADMIN"."APP_PELICULAPRODUCTO" MODIFY ("GENERO_ID" NOT NULL ENABLE);
  ALTER TABLE "ADMIN"."APP_PELICULAPRODUCTO" ADD PRIMARY KEY ("ID")
  USING INDEX PCTFREE 10 INITRANS 2 MAXTRANS 255 COMPUTE STATISTICS 
  STORAGE(INITIAL 65536 NEXT 1048576 MINEXTENTS 1 MAXEXTENTS 2147483645
  PCTINCREASE 0 FREELISTS 1 FREELIST GROUPS 1
  BUFFER_POOL DEFAULT FLASH_CACHE DEFAULT CELL_FLASH_CACHE DEFAULT)
  TABLESPACE "USERS"  ENABLE;
--------------------------------------------------------
--  Constraints for Table AUTH_GROUP
--------------------------------------------------------

  ALTER TABLE "ADMIN"."AUTH_GROUP" MODIFY ("ID" NOT NULL ENABLE);
  ALTER TABLE "ADMIN"."AUTH_GROUP" ADD PRIMARY KEY ("ID")
  USING INDEX PCTFREE 10 INITRANS 2 MAXTRANS 255 COMPUTE STATISTICS 
  TABLESPACE "USERS"  ENABLE;
  ALTER TABLE "ADMIN"."AUTH_GROUP" ADD UNIQUE ("NAME")
  USING INDEX PCTFREE 10 INITRANS 2 MAXTRANS 255 COMPUTE STATISTICS 
  TABLESPACE "USERS"  ENABLE;
--------------------------------------------------------
--  Constraints for Table AUTH_GROUP_PERMISSIONS
--------------------------------------------------------

  ALTER TABLE "ADMIN"."AUTH_GROUP_PERMISSIONS" MODIFY ("ID" NOT NULL ENABLE);
  ALTER TABLE "ADMIN"."AUTH_GROUP_PERMISSIONS" MODIFY ("GROUP_ID" NOT NULL ENABLE);
  ALTER TABLE "ADMIN"."AUTH_GROUP_PERMISSIONS" MODIFY ("PERMISSION_ID" NOT NULL ENABLE);
  ALTER TABLE "ADMIN"."AUTH_GROUP_PERMISSIONS" ADD PRIMARY KEY ("ID")
  USING INDEX PCTFREE 10 INITRANS 2 MAXTRANS 255 COMPUTE STATISTICS 
  TABLESPACE "USERS"  ENABLE;
  ALTER TABLE "ADMIN"."AUTH_GROUP_PERMISSIONS" ADD CONSTRAINT "AUTH_GROU_GROUP_ID__0CD325B0_U" UNIQUE ("GROUP_ID", "PERMISSION_ID")
  USING INDEX PCTFREE 10 INITRANS 2 MAXTRANS 255 COMPUTE STATISTICS 
  TABLESPACE "USERS"  ENABLE;
--------------------------------------------------------
--  Constraints for Table AUTH_PERMISSION
--------------------------------------------------------

  ALTER TABLE "ADMIN"."AUTH_PERMISSION" MODIFY ("ID" NOT NULL ENABLE);
  ALTER TABLE "ADMIN"."AUTH_PERMISSION" MODIFY ("CONTENT_TYPE_ID" NOT NULL ENABLE);
  ALTER TABLE "ADMIN"."AUTH_PERMISSION" ADD PRIMARY KEY ("ID")
  USING INDEX PCTFREE 10 INITRANS 2 MAXTRANS 255 COMPUTE STATISTICS 
  STORAGE(INITIAL 65536 NEXT 1048576 MINEXTENTS 1 MAXEXTENTS 2147483645
  PCTINCREASE 0 FREELISTS 1 FREELIST GROUPS 1
  BUFFER_POOL DEFAULT FLASH_CACHE DEFAULT CELL_FLASH_CACHE DEFAULT)
  TABLESPACE "USERS"  ENABLE;
  ALTER TABLE "ADMIN"."AUTH_PERMISSION" ADD CONSTRAINT "AUTH_PERM_CONTENT_T_01AB375A_U" UNIQUE ("CONTENT_TYPE_ID", "CODENAME")
  USING INDEX PCTFREE 10 INITRANS 2 MAXTRANS 255 COMPUTE STATISTICS 
  STORAGE(INITIAL 65536 NEXT 1048576 MINEXTENTS 1 MAXEXTENTS 2147483645
  PCTINCREASE 0 FREELISTS 1 FREELIST GROUPS 1
  BUFFER_POOL DEFAULT FLASH_CACHE DEFAULT CELL_FLASH_CACHE DEFAULT)
  TABLESPACE "USERS"  ENABLE;
--------------------------------------------------------
--  Constraints for Table AUTH_USER
--------------------------------------------------------

  ALTER TABLE "ADMIN"."AUTH_USER" MODIFY ("ID" NOT NULL ENABLE);
  ALTER TABLE "ADMIN"."AUTH_USER" MODIFY ("IS_SUPERUSER" NOT NULL ENABLE);
  ALTER TABLE "ADMIN"."AUTH_USER" MODIFY ("IS_STAFF" NOT NULL ENABLE);
  ALTER TABLE "ADMIN"."AUTH_USER" MODIFY ("IS_ACTIVE" NOT NULL ENABLE);
  ALTER TABLE "ADMIN"."AUTH_USER" MODIFY ("DATE_JOINED" NOT NULL ENABLE);
  ALTER TABLE "ADMIN"."AUTH_USER" ADD CHECK ("IS_SUPERUSER" IN (0,1)) ENABLE;
  ALTER TABLE "ADMIN"."AUTH_USER" ADD CHECK ("IS_STAFF" IN (0,1)) ENABLE;
  ALTER TABLE "ADMIN"."AUTH_USER" ADD CHECK ("IS_ACTIVE" IN (0,1)) ENABLE;
  ALTER TABLE "ADMIN"."AUTH_USER" ADD PRIMARY KEY ("ID")
  USING INDEX PCTFREE 10 INITRANS 2 MAXTRANS 255 COMPUTE STATISTICS 
  STORAGE(INITIAL 65536 NEXT 1048576 MINEXTENTS 1 MAXEXTENTS 2147483645
  PCTINCREASE 0 FREELISTS 1 FREELIST GROUPS 1
  BUFFER_POOL DEFAULT FLASH_CACHE DEFAULT CELL_FLASH_CACHE DEFAULT)
  TABLESPACE "USERS"  ENABLE;
  ALTER TABLE "ADMIN"."AUTH_USER" ADD UNIQUE ("USERNAME")
  USING INDEX PCTFREE 10 INITRANS 2 MAXTRANS 255 COMPUTE STATISTICS 
  STORAGE(INITIAL 65536 NEXT 1048576 MINEXTENTS 1 MAXEXTENTS 2147483645
  PCTINCREASE 0 FREELISTS 1 FREELIST GROUPS 1
  BUFFER_POOL DEFAULT FLASH_CACHE DEFAULT CELL_FLASH_CACHE DEFAULT)
  TABLESPACE "USERS"  ENABLE;
--------------------------------------------------------
--  Constraints for Table AUTH_USER_GROUPS
--------------------------------------------------------

  ALTER TABLE "ADMIN"."AUTH_USER_GROUPS" MODIFY ("ID" NOT NULL ENABLE);
  ALTER TABLE "ADMIN"."AUTH_USER_GROUPS" MODIFY ("USER_ID" NOT NULL ENABLE);
  ALTER TABLE "ADMIN"."AUTH_USER_GROUPS" MODIFY ("GROUP_ID" NOT NULL ENABLE);
  ALTER TABLE "ADMIN"."AUTH_USER_GROUPS" ADD PRIMARY KEY ("ID")
  USING INDEX PCTFREE 10 INITRANS 2 MAXTRANS 255 COMPUTE STATISTICS 
  TABLESPACE "USERS"  ENABLE;
  ALTER TABLE "ADMIN"."AUTH_USER_GROUPS" ADD CONSTRAINT "AUTH_USER_USER_ID_G_94350C0C_U" UNIQUE ("USER_ID", "GROUP_ID")
  USING INDEX PCTFREE 10 INITRANS 2 MAXTRANS 255 COMPUTE STATISTICS 
  TABLESPACE "USERS"  ENABLE;
--------------------------------------------------------
--  Constraints for Table AUTH_USER_USER_PERMISSIONS
--------------------------------------------------------

  ALTER TABLE "ADMIN"."AUTH_USER_USER_PERMISSIONS" MODIFY ("ID" NOT NULL ENABLE);
  ALTER TABLE "ADMIN"."AUTH_USER_USER_PERMISSIONS" MODIFY ("USER_ID" NOT NULL ENABLE);
  ALTER TABLE "ADMIN"."AUTH_USER_USER_PERMISSIONS" MODIFY ("PERMISSION_ID" NOT NULL ENABLE);
  ALTER TABLE "ADMIN"."AUTH_USER_USER_PERMISSIONS" ADD PRIMARY KEY ("ID")
  USING INDEX PCTFREE 10 INITRANS 2 MAXTRANS 255 COMPUTE STATISTICS 
  TABLESPACE "USERS"  ENABLE;
  ALTER TABLE "ADMIN"."AUTH_USER_USER_PERMISSIONS" ADD CONSTRAINT "AUTH_USER_USER_ID_P_14A6B632_U" UNIQUE ("USER_ID", "PERMISSION_ID")
  USING INDEX PCTFREE 10 INITRANS 2 MAXTRANS 255 COMPUTE STATISTICS 
  TABLESPACE "USERS"  ENABLE;
--------------------------------------------------------
--  Constraints for Table DJANGO_ADMIN_LOG
--------------------------------------------------------

  ALTER TABLE "ADMIN"."DJANGO_ADMIN_LOG" MODIFY ("ID" NOT NULL ENABLE);
  ALTER TABLE "ADMIN"."DJANGO_ADMIN_LOG" MODIFY ("ACTION_TIME" NOT NULL ENABLE);
  ALTER TABLE "ADMIN"."DJANGO_ADMIN_LOG" MODIFY ("ACTION_FLAG" NOT NULL ENABLE);
  ALTER TABLE "ADMIN"."DJANGO_ADMIN_LOG" MODIFY ("USER_ID" NOT NULL ENABLE);
  ALTER TABLE "ADMIN"."DJANGO_ADMIN_LOG" ADD CHECK ("ACTION_FLAG" >= 0) ENABLE;
  ALTER TABLE "ADMIN"."DJANGO_ADMIN_LOG" ADD PRIMARY KEY ("ID")
  USING INDEX PCTFREE 10 INITRANS 2 MAXTRANS 255 COMPUTE STATISTICS 
  STORAGE(INITIAL 65536 NEXT 1048576 MINEXTENTS 1 MAXEXTENTS 2147483645
  PCTINCREASE 0 FREELISTS 1 FREELIST GROUPS 1
  BUFFER_POOL DEFAULT FLASH_CACHE DEFAULT CELL_FLASH_CACHE DEFAULT)
  TABLESPACE "USERS"  ENABLE;
--------------------------------------------------------
--  Constraints for Table DJANGO_CONTENT_TYPE
--------------------------------------------------------

  ALTER TABLE "ADMIN"."DJANGO_CONTENT_TYPE" MODIFY ("ID" NOT NULL ENABLE);
  ALTER TABLE "ADMIN"."DJANGO_CONTENT_TYPE" ADD PRIMARY KEY ("ID")
  USING INDEX PCTFREE 10 INITRANS 2 MAXTRANS 255 COMPUTE STATISTICS 
  STORAGE(INITIAL 65536 NEXT 1048576 MINEXTENTS 1 MAXEXTENTS 2147483645
  PCTINCREASE 0 FREELISTS 1 FREELIST GROUPS 1
  BUFFER_POOL DEFAULT FLASH_CACHE DEFAULT CELL_FLASH_CACHE DEFAULT)
  TABLESPACE "USERS"  ENABLE;
  ALTER TABLE "ADMIN"."DJANGO_CONTENT_TYPE" ADD CONSTRAINT "DJANGO_CO_APP_LABEL_76BD3D3B_U" UNIQUE ("APP_LABEL", "MODEL")
  USING INDEX PCTFREE 10 INITRANS 2 MAXTRANS 255 COMPUTE STATISTICS 
  STORAGE(INITIAL 65536 NEXT 1048576 MINEXTENTS 1 MAXEXTENTS 2147483645
  PCTINCREASE 0 FREELISTS 1 FREELIST GROUPS 1
  BUFFER_POOL DEFAULT FLASH_CACHE DEFAULT CELL_FLASH_CACHE DEFAULT)
  TABLESPACE "USERS"  ENABLE;
--------------------------------------------------------
--  Constraints for Table DJANGO_MIGRATIONS
--------------------------------------------------------

  ALTER TABLE "ADMIN"."DJANGO_MIGRATIONS" MODIFY ("ID" NOT NULL ENABLE);
  ALTER TABLE "ADMIN"."DJANGO_MIGRATIONS" MODIFY ("APPLIED" NOT NULL ENABLE);
  ALTER TABLE "ADMIN"."DJANGO_MIGRATIONS" ADD PRIMARY KEY ("ID")
  USING INDEX PCTFREE 10 INITRANS 2 MAXTRANS 255 COMPUTE STATISTICS 
  STORAGE(INITIAL 65536 NEXT 1048576 MINEXTENTS 1 MAXEXTENTS 2147483645
  PCTINCREASE 0 FREELISTS 1 FREELIST GROUPS 1
  BUFFER_POOL DEFAULT FLASH_CACHE DEFAULT CELL_FLASH_CACHE DEFAULT)
  TABLESPACE "USERS"  ENABLE;
--------------------------------------------------------
--  Constraints for Table DJANGO_SESSION
--------------------------------------------------------

  ALTER TABLE "ADMIN"."DJANGO_SESSION" MODIFY ("SESSION_KEY" NOT NULL ENABLE);
  ALTER TABLE "ADMIN"."DJANGO_SESSION" MODIFY ("EXPIRE_DATE" NOT NULL ENABLE);
  ALTER TABLE "ADMIN"."DJANGO_SESSION" ADD PRIMARY KEY ("SESSION_KEY")
  USING INDEX PCTFREE 10 INITRANS 2 MAXTRANS 255 COMPUTE STATISTICS 
  STORAGE(INITIAL 65536 NEXT 1048576 MINEXTENTS 1 MAXEXTENTS 2147483645
  PCTINCREASE 0 FREELISTS 1 FREELIST GROUPS 1
  BUFFER_POOL DEFAULT FLASH_CACHE DEFAULT CELL_FLASH_CACHE DEFAULT)
  TABLESPACE "USERS"  ENABLE;
--------------------------------------------------------
--  Ref Constraints for Table APP_PELICULAPRODUCTO
--------------------------------------------------------

  ALTER TABLE "ADMIN"."APP_PELICULAPRODUCTO" ADD CONSTRAINT "APP_PELIC_GENERO_ID_DBA2E0F0_F" FOREIGN KEY ("GENERO_ID")
	  REFERENCES "ADMIN"."APP_PELICULA" ("ID") DEFERRABLE INITIALLY DEFERRED ENABLE;
--------------------------------------------------------
--  Ref Constraints for Table AUTH_GROUP_PERMISSIONS
--------------------------------------------------------

  ALTER TABLE "ADMIN"."AUTH_GROUP_PERMISSIONS" ADD CONSTRAINT "AUTH_GROU_GROUP_ID_B120CBF9_F" FOREIGN KEY ("GROUP_ID")
	  REFERENCES "ADMIN"."AUTH_GROUP" ("ID") DEFERRABLE INITIALLY DEFERRED ENABLE;
  ALTER TABLE "ADMIN"."AUTH_GROUP_PERMISSIONS" ADD CONSTRAINT "AUTH_GROU_PERMISSIO_84C5C92E_F" FOREIGN KEY ("PERMISSION_ID")
	  REFERENCES "ADMIN"."AUTH_PERMISSION" ("ID") DEFERRABLE INITIALLY DEFERRED ENABLE;
--------------------------------------------------------
--  Ref Constraints for Table AUTH_PERMISSION
--------------------------------------------------------

  ALTER TABLE "ADMIN"."AUTH_PERMISSION" ADD CONSTRAINT "AUTH_PERM_CONTENT_T_2F476E4B_F" FOREIGN KEY ("CONTENT_TYPE_ID")
	  REFERENCES "ADMIN"."DJANGO_CONTENT_TYPE" ("ID") DEFERRABLE INITIALLY DEFERRED ENABLE;
--------------------------------------------------------
--  Ref Constraints for Table AUTH_USER_GROUPS
--------------------------------------------------------

  ALTER TABLE "ADMIN"."AUTH_USER_GROUPS" ADD CONSTRAINT "AUTH_USER_USER_ID_6A12ED8B_F" FOREIGN KEY ("USER_ID")
	  REFERENCES "ADMIN"."AUTH_USER" ("ID") DEFERRABLE INITIALLY DEFERRED ENABLE;
  ALTER TABLE "ADMIN"."AUTH_USER_GROUPS" ADD CONSTRAINT "AUTH_USER_GROUP_ID_97559544_F" FOREIGN KEY ("GROUP_ID")
	  REFERENCES "ADMIN"."AUTH_GROUP" ("ID") DEFERRABLE INITIALLY DEFERRED ENABLE;
--------------------------------------------------------
--  Ref Constraints for Table AUTH_USER_USER_PERMISSIONS
--------------------------------------------------------

  ALTER TABLE "ADMIN"."AUTH_USER_USER_PERMISSIONS" ADD CONSTRAINT "AUTH_USER_USER_ID_A95EAD1B_F" FOREIGN KEY ("USER_ID")
	  REFERENCES "ADMIN"."AUTH_USER" ("ID") DEFERRABLE INITIALLY DEFERRED ENABLE;
  ALTER TABLE "ADMIN"."AUTH_USER_USER_PERMISSIONS" ADD CONSTRAINT "AUTH_USER_PERMISSIO_1FBB5F2C_F" FOREIGN KEY ("PERMISSION_ID")
	  REFERENCES "ADMIN"."AUTH_PERMISSION" ("ID") DEFERRABLE INITIALLY DEFERRED ENABLE;
--------------------------------------------------------
--  Ref Constraints for Table DJANGO_ADMIN_LOG
--------------------------------------------------------

  ALTER TABLE "ADMIN"."DJANGO_ADMIN_LOG" ADD CONSTRAINT "DJANGO_AD_CONTENT_T_C4BCE8EB_F" FOREIGN KEY ("CONTENT_TYPE_ID")
	  REFERENCES "ADMIN"."DJANGO_CONTENT_TYPE" ("ID") DEFERRABLE INITIALLY DEFERRED ENABLE;
  ALTER TABLE "ADMIN"."DJANGO_ADMIN_LOG" ADD CONSTRAINT "DJANGO_AD_USER_ID_C564EBA6_F" FOREIGN KEY ("USER_ID")
	  REFERENCES "ADMIN"."AUTH_USER" ("ID") DEFERRABLE INITIALLY DEFERRED ENABLE;
